X:Pos_TX-Body3-slider_crank(mm),Y:Pos_TX-Body3-slider_crank(mm),Y:Pos_TY-Body3-slider_crank(mm),Y:Pos_TZ-Body3-slider_crank(mm)
0.0000000,50.000000,200.00000,-3.4914813e-13
0.0010130000,49.999385,200.00031,-3.4914868e-13
0.0020370000,49.997514,200.00126,-3.4915035e-13
0.0030610000,49.994390,200.00283,-3.4915313e-13
0.0040850000,49.990015,200.00504,-3.4915702e-13
0.0051090000,49.984392,200.00788,-3.4916203e-13
0.0061330000,49.977523,200.01135,-3.4916814e-13
0.0071570000,49.969411,200.01544,-3.4917537e-13
0.0081810000,49.960058,200.02016,-3.4918369e-13
0.0092050000,49.949466,200.02551,-3.4919312e-13
0.010229000,49.937639,200.03148,-3.4920365e-13
0.011253000,49.924578,200.03807,-3.4921527e-13
0.012253000,49.910634,200.04510,-3.4922768e-13
0.013253000,49.895518,200.05272,-3.4924113e-13
0.014253000,49.879233,200.06093,-3.4925562e-13
0.015253000,49.861779,200.06973,-3.4927115e-13
0.016253000,49.843159,200.07911,-3.4928772e-13
0.017253000,49.823376,200.08908,-3.4930532e-13
0.018253000,49.802431,200.09963,-3.4932395e-13
0.019253000,49.780326,200.11075,-3.4934361e-13
0.020253000,49.757064,200.12246,-3.4936429e-13
0.021253000,49.732646,200.13474,-3.4938601e-13
0.022253000,49.707074,200.14760,-3.4940874e-13
0.023253000,49.680351,200.16104,-3.4943250e-13
0.024253000,49.652477,200.17504,-3.4945727e-13
0.025253000,49.623456,200.18962,-3.4948306e-13
0.026253000,49.593289,200.20477,-3.4950987e-13
0.027253000,49.561978,200.22048,-3.4953769e-13
0.028253000,49.529525,200.23676,-3.4956651e-13
0.029253000,49.495931,200.25360,-3.4959635e-13
0.030253000,49.461199,200.27100,-3.4962719e-13
0.031253000,49.425330,200.28896,-3.4965904e-13
0.032253000,49.388326,200.30749,-3.4969189e-13
0.033253000,49.350189,200.32656,-3.4972573e-13
0.034253000,49.310921,200.34620,-3.4976058e-13
0.035253000,49.270523,200.36638,-3.4979642e-13
0.036253000,49.228997,200.38712,-3.4983325e-13
0.037253000,49.186346,200.40840,-3.4987107e-13
0.038253000,49.142569,200.43024,-3.4990988e-13
0.039253000,49.097670,200.45261,-3.4994968e-13
0.040253000,49.051650,200.47553,-3.4999046e-13
0.041253000,49.004510,200.49899,-3.5003223e-13
0.042253000,48.956253,200.52299,-3.5007497e-13
0.043253000,48.906879,200.54753,-3.5011870e-13
0.044253000,48.856391,200.57260,-3.5016340e-13
0.045253000,48.804789,200.59821,-3.5020907e-13
0.046253000,48.752077,200.62435,-3.5025572e-13
0.047253000,48.698254,200.65101,-3.5030333e-13
0.048253000,48.643323,200.67820,-3.5035191e-13
0.049253000,48.587285,200.70592,-3.5040146e-13
0.050253000,48.530142,200.73416,-3.5045197e-13
0.051253000,48.471896,200.76292,-3.5050344e-13
0.052253000,48.412546,200.79220,-3.5055587e-13
0.053253000,48.352097,200.82200,-3.5060925e-13
0.054253000,48.290547,200.85230,-3.5066359e-13
0.055253000,48.227900,200.88313,-3.5071889e-13
0.056253000,48.164156,200.91446,-3.5077513e-13
0.057253000,48.099317,200.94629,-3.5083232e-13
0.058253000,48.033385,200.97864,-3.5089046e-13
0.059253000,47.966360,201.01148,-3.5094954e-13
0.060253000,47.898244,201.04483,-3.5100956e-13
0.061253000,47.829039,201.07867,-3.5107052e-13
0.062253000,47.758745,201.11301,-3.5113242e-13
0.063253000,47.687365,201.14785,-3.5119525e-13
0.064253000,47.614899,201.18317,-3.5125902e-13
0.065253000,47.541349,201.21898,-3.5132372e-13
0.066253000,47.466716,201.25529,-3.5138934e-13
0.067253000,47.391002,201.29207,-3.5145589e-13
0.068253000,47.314207,201.32934,-3.5152337e-13
0.069253000,47.236333,201.36708,-3.5159177e-13
0.070253000,47.157381,201.40531,-3.5166109e-13
0.071253000,47.077352,201.44400,-3.5173133e-13
0.072253000,46.996249,201.48317,-3.5180248e-13
0.073253000,46.914071,201.52281,-3.5187454e-13
0.074253000,46.830820,201.56292,-3.5194752e-13
0.075253000,46.746498,201.60349,-3.5202141e-13
0.076253000,46.661105,201.64452,-3.5209620e-13
0.077253000,46.574642,201.68601,-3.5217190e-13
0.078253000,46.487112,201.72796,-3.5224850e-13
0.079253000,46.398515,201.77037,-3.5232600e-13
0.080253000,46.308851,201.81322,-3.5240440e-13
0.081253000,46.218123,201.85653,-3.5248369e-13
0.082253000,46.126332,201.90028,-3.5256388e-13
0.083253000,46.033478,201.94447,-3.5264496e-13
0.084253000,45.939562,201.98911,-3.5272694e-13
0.085253000,45.844587,202.03419,-3.5280979e-13
0.086253000,45.748552,202.07970,-3.5289354e-13
0.087253000,45.651459,202.12565,-3.5297816e-13
0.088253000,45.553310,202.17202,-3.5306367e-13
0.089253000,45.454104,202.21883,-3.5315006e-13
0.090253000,45.353843,202.26606,-3.5323732e-13
0.091253000,45.252529,202.31371,-3.5332546e-13
0.092253000,45.150162,202.36178,-3.5341447e-13
0.093253000,45.046743,202.41027,-3.5350435e-13
0.094253000,44.942274,202.45918,-3.5359509e-13
0.095253000,44.836755,202.50849,-3.5368671e-13
0.096253000,44.730187,202.55822,-3.5377918e-13
0.097253000,44.622571,202.60835,-3.5387252e-13
0.098253000,44.513909,202.65889,-3.5396672e-13
0.099253000,44.404202,202.70982,-3.5406177e-13
0.10025300,44.293449,202.76116,-3.5415768e-13
0.10125300,44.181653,202.81288,-3.5425444e-13
0.10225300,44.068814,202.86500,-3.5435205e-13
0.10325300,43.954934,202.91751,-3.5445050e-13
0.10425300,43.840012,202.97041,-3.5454981e-13
0.10525300,43.724051,203.02369,-3.5464996e-13
0.10625300,43.607051,203.07735,-3.5475094e-13
0.10725300,43.489013,203.13138,-3.5485277e-13
0.10825300,43.369938,203.18579,-3.5495544e-13
0.10925300,43.249827,203.24058,-3.5505894e-13
0.11025300,43.128681,203.29573,-3.5516327e-13
0.11125300,43.006500,203.35125,-3.5526843e-13
0.11225300,42.883286,203.40713,-3.5537442e-13
0.11325300,42.759040,203.46337,-3.5548124e-13
0.11425300,42.633762,203.51996,-3.5558888e-13
0.11525300,42.507454,203.57691,-3.5569734e-13
0.11625300,42.380116,203.63422,-3.5580662e-13
0.11725300,42.251749,203.69186,-3.5591672e-13
0.11825300,42.122354,203.74986,-3.5602763e-13
0.11925300,41.991933,203.80819,-3.5613936e-13
0.12025300,41.860485,203.86687,-3.5625189e-13
0.12125300,41.728011,203.92588,-3.5636524e-13
0.12225300,41.594514,203.98522,-3.5647938e-13
0.12325300,41.459993,204.04489,-3.5659434e-13
0.12425300,41.324449,204.10489,-3.5671009e-13
0.12525300,41.187883,204.16521,-3.5682664e-13
0.12625300,41.050297,204.22585,-3.5694399e-13
0.12725300,40.911690,204.28680,-3.5706214e-13
0.12825300,40.772064,204.34807,-3.5718107e-13
0.12925300,40.631420,204.40965,-3.5730080e-13
0.13025300,40.489758,204.47154,-3.5742131e-13
0.13125300,40.347080,204.53373,-3.5754261e-13
0.13225300,40.203385,204.59622,-3.5766470e-13
0.13325300,40.058676,204.65901,-3.5778756e-13
0.13425300,39.912953,204.72210,-3.5791120e-13
0.13525300,39.766216,204.78547,-3.5803562e-13
0.13625300,39.618467,204.84914,-3.5816081e-13
0.13725300,39.469706,204.91309,-3.5828678e-13
0.13825300,39.319935,204.97732,-3.5841351e-13
0.13925300,39.169154,205.04182,-3.5854101e-13
0.14025300,39.017363,205.10661,-3.5866928e-13
0.14125300,38.864564,205.17166,-3.5879831e-13
0.14225300,38.710758,205.23698,-3.5892810e-13
0.14325300,38.555946,205.30257,-3.5905865e-13
0.14425300,38.400127,205.36842,-3.5918995e-13
0.14525300,38.243304,205.43453,-3.5932201e-13
0.14625300,38.085476,205.50089,-3.5945482e-13
0.14725300,37.926646,205.56750,-3.5958838e-13
0.14825300,37.766812,205.63437,-3.5972268e-13
0.14925300,37.605978,205.70147,-3.5985773e-13
0.15025300,37.444142,205.76882,-3.5999352e-13
0.15125300,37.281307,205.83641,-3.6013005e-13
0.15225300,37.117473,205.90423,-3.6026732e-13
0.15325300,36.952640,205.97228,-3.6040532e-13
0.15425300,36.786810,206.04056,-3.6054406e-13
0.15525300,36.619984,206.10907,-3.6068352e-13
0.15625300,36.452162,206.17779,-3.6082372e-13
0.15725300,36.283345,206.24674,-3.6096464e-13
0.15825300,36.113534,206.31589,-3.6110628e-13
0.15925300,35.942729,206.38526,-3.6124865e-13
0.16025300,35.770933,206.45484,-3.6139173e-13
0.16125300,35.598145,206.52462,-3.6153553e-13
0.16225300,35.424367,206.59460,-3.6168004e-13
0.16325300,35.249598,206.66477,-3.6182527e-13
0.16425300,35.073841,206.73514,-3.6197120e-13
0.16525300,34.897096,206.80570,-3.6211785e-13
0.16625300,34.719364,206.87645,-3.6226519e-13
0.16725300,34.540645,206.94738,-3.6241324e-13
0.16825300,34.360941,207.01848,-3.6256199e-13
0.16925300,34.180253,207.08977,-3.6271144e-13
0.17025300,33.998581,207.16122,-3.6286158e-13
0.17125300,33.815926,207.23284,-3.6301242e-13
0.17225300,33.632289,207.30463,-3.6316394e-13
0.17325300,33.447672,207.37658,-3.6331616e-13
0.17425300,33.262074,207.44869,-3.6346906e-13
0.17525300,33.075497,207.52095,-3.6362264e-13
0.17625300,32.887942,207.59336,-3.6377690e-13
0.17725300,32.699409,207.66592,-3.6393185e-13
0.17825300,32.509900,207.73862,-3.6408747e-13
0.17925300,32.319415,207.81147,-3.6424376e-13
0.18025300,32.127956,207.88444,-3.6440072e-13
0.18125300,31.935523,207.95756,-3.6455836e-13
0.18225300,31.742117,208.03079,-3.6471665e-13
0.18325300,31.547740,208.10416,-3.6487562e-13
0.18425300,31.352391,208.17765,-3.6503524e-13
0.18525300,31.156073,208.25125,-3.6519553e-13
0.18625300,30.958785,208.32497,-3.6535647e-13
0.18725300,30.760530,208.39880,-3.6551807e-13
0.18825300,30.561307,208.47273,-3.6568032e-13
0.18925300,30.361118,208.54677,-3.6584321e-13
0.19025300,30.159964,208.62091,-3.6600676e-13
0.19125300,29.957846,208.69514,-3.6617095e-13
0.19225300,29.754765,208.76947,-3.6633578e-13
0.19325300,29.550722,208.84388,-3.6650126e-13
0.19425300,29.345717,208.91838,-3.6666737e-13
0.19525300,29.139753,208.99296,-3.6683411e-13
0.19625300,28.932829,209.06762,-3.6700149e-13
0.19725300,28.724947,209.14235,-3.6716950e-13
0.19825300,28.516108,209.21715,-3.6733813e-13
0.19925300,28.306313,209.29202,-3.6750740e-13
0.20025300,28.095563,209.36695,-3.6767728e-13
0.20125300,27.883859,209.44193,-3.6784778e-13
0.20225300,27.671202,209.51697,-3.6801891e-13
0.20325300,27.457593,209.59207,-3.6819064e-13
0.20425300,27.243033,209.66721,-3.6836299e-13
0.20525300,27.027524,209.74239,-3.6853595e-13
0.20625300,26.811066,209.81761,-3.6870952e-13
0.20725300,26.593661,209.89287,-3.6888370e-13
0.20825300,26.375309,209.96816,-3.6905847e-13
0.20925300,26.156012,210.04348,-3.6923385e-13
0.21025300,25.935771,210.11882,-3.6940983e-13
0.21125300,25.714586,210.19418,-3.6958640e-13
0.21225300,25.492460,210.26956,-3.6976356e-13
0.21325300,25.269393,210.34495,-3.6994132e-13
0.21425300,25.045387,210.42036,-3.7011966e-13
0.21525300,24.820442,210.49576,-3.7029859e-13
0.21625300,24.594560,210.57117,-3.7047810e-13
0.21725300,24.367742,210.64658,-3.7065819e-13
0.21825300,24.139989,210.72198,-3.7083886e-13
0.21925300,23.911303,210.79737,-3.7102010e-13
0.22025300,23.681684,210.87274,-3.7120192e-13
0.22125300,23.451133,210.94810,-3.7138431e-13
0.22225300,23.219653,211.02343,-3.7156726e-13
0.22325300,22.987244,211.09875,-3.7175078e-13
0.22425300,22.753908,211.17403,-3.7193486e-13
0.22525300,22.519645,211.24927,-3.7211951e-13
0.22625300,22.284458,211.32449,-3.7230471e-13
0.22725300,22.048347,211.39966,-3.7249046e-13
0.22825300,21.811313,211.47478,-3.7267677e-13
0.22925300,21.573359,211.54986,-3.7286363e-13
0.23025300,21.334484,211.62488,-3.7305104e-13
0.23125300,21.094692,211.69985,-3.7323899e-13
0.23225300,20.853982,211.77476,-3.7342748e-13
0.23325300,20.612357,211.84960,-3.7361651e-13
0.23425300,20.369817,211.92437,-3.7380608e-13
0.23525300,20.126364,211.99908,-3.7399618e-13
0.23625300,19.882000,212.07370,-3.7418682e-13
0.23725300,19.636725,212.14825,-3.7437798e-13
0.23825300,19.390542,212.22271,-3.7456968e-13
0.23925300,19.143451,212.29709,-3.7476189e-13
0.24025300,18.895455,212.37137,-3.7495463e-13
0.24125300,18.646554,212.44556,-3.7514788e-13
0.24225300,18.396749,212.51965,-3.7534166e-13
0.24325300,18.146044,212.59364,-3.7553594e-13
0.24425300,17.894438,212.66752,-3.7573074e-13
0.24525300,17.641933,212.74129,-3.7592605e-13
0.24625300,17.388532,212.81494,-3.7612186e-13
0.24725300,17.134235,212.88847,-3.7631817e-13
0.24825300,16.879044,212.96188,-3.7651499e-13
0.24925300,16.622960,213.03517,-3.7671230e-13
0.25025300,16.365985,213.10832,-3.7691011e-13
0.25125300,16.108121,213.18134,-3.7710841e-13
0.25225300,15.849369,213.25423,-3.7730721e-13
0.25325300,15.589731,213.32697,-3.7750649e-13
0.25425300,15.329209,213.39956,-3.7770625e-13
0.25525300,15.067803,213.47200,-3.7790650e-13
0.25625300,14.805516,213.54429,-3.7810722e-13
0.25725300,14.542349,213.61642,-3.7830843e-13
0.25825300,14.278304,213.68839,-3.7851010e-13
0.25925300,14.013383,213.76020,-3.7871225e-13
0.26025300,13.747587,213.83183,-3.7891487e-13
0.26125300,13.480918,213.90329,-3.7911795e-13
0.26225300,13.213377,213.97458,-3.7932150e-13
0.26325300,12.944967,214.04568,-3.7952551e-13
0.26425300,12.675690,214.11659,-3.7972998e-13
0.26525300,12.405546,214.18732,-3.7993490e-13
0.26625300,12.134538,214.25786,-3.8014028e-13
0.26725300,11.862667,214.32819,-3.8034610e-13
0.26825300,11.589936,214.39833,-3.8055238e-13
0.26925300,11.316345,214.46826,-3.8075909e-13
0.27025300,11.041898,214.53799,-3.8096625e-13
0.27125300,10.766595,214.60750,-3.8117385e-13
0.27225300,10.490439,214.67679,-3.8138189e-13
0.27325300,10.213431,214.74586,-3.8159036e-13
0.27425300,9.9355737,214.81471,-3.8179926e-13
0.27525300,9.6568686,214.88334,-3.8200860e-13
0.27625300,9.3773176,214.95173,-3.8221835e-13
0.27725300,9.0969227,215.01988,-3.8242853e-13
0.27825300,8.8156858,215.08779,-3.8263913e-13
0.27925300,8.5336089,215.15546,-3.8285015e-13
0.28025300,8.2506939,215.22289,-3.8306159e-13
0.28125300,7.9669429,215.29006,-3.8327343e-13
0.28225300,7.6823577,215.35698,-3.8348569e-13
0.28325300,7.3969406,215.42363,-3.8369835e-13
0.28425300,7.1106934,215.49003,-3.8391142e-13
0.28525300,6.8236182,215.55616,-3.8412489e-13
0.28625300,6.5357171,215.62201,-3.8433876e-13
0.28725300,6.2469922,215.68760,-3.8455302e-13
0.28825300,5.9574456,215.75290,-3.8476768e-13
0.28925300,5.6670793,215.81792,-3.8498272e-13
0.29025300,5.3758955,215.88266,-3.8519816e-13
0.29125300,5.0838964,215.94711,-3.8541398e-13
0.29225300,4.7910840,216.01126,-3.8563018e-13
0.29325300,4.4974606,216.07511,-3.8584677e-13
0.29425300,4.2030284,216.13867,-3.8606372e-13
0.29525300,3.9077895,216.20192,-3.8628106e-13
0.29625300,3.6117461,216.26486,-3.8649876e-13
0.29725300,3.3149006,216.32749,-3.8671684e-13
0.29825300,3.0172552,216.38980,-3.8693528e-13
0.29925300,2.7188121,216.45179,-3.8715408e-13
0.30025300,2.4195735,216.51346,-3.8737324e-13
0.30125300,2.1195419,216.57480,-3.8759276e-13
0.30225300,1.8187195,216.63581,-3.8781264e-13
0.30325300,1.5171087,216.69648,-3.8803286e-13
0.30425300,1.2147118,216.75681,-3.8825344e-13
0.30525300,0.91153110,216.81680,-3.8847436e-13
0.30625300,0.60756907,216.87645,-3.8869563e-13
0.30725300,0.30282809,216.93574,-3.8891723e-13
0.30825300,-0.0026894292,216.99468,-3.8913918e-13
0.30925300,-0.30898107,217.05327,-3.8936146e-13
0.31025300,-0.61604438,217.11149,-3.8958407e-13
0.31125300,-0.92387689,217.16934,-3.8980701e-13
0.31225300,-1.2324761,217.22683,-3.9003028e-13
0.31325300,-1.5418396,217.28395,-3.9025388e-13
0.31425300,-1.8519648,217.34069,-3.9047779e-13
0.31525300,-2.1628492,217.39704,-3.9070203e-13
0.31625300,-2.4744903,217.45302,-3.9092657e-13
0.31725300,-2.7868854,217.50861,-3.9115144e-13
0.31825300,-3.1000320,217.56381,-3.9137661e-13
0.31925300,-3.4139276,217.61861,-3.9160209e-13
0.32025300,-3.7285694,217.67301,-3.9182787e-13
0.32125300,-4.0439550,217.72702,-3.9205396e-13
0.32225300,-4.3600815,217.78061,-3.9228034e-13
0.32325300,-4.6769464,217.83380,-3.9250703e-13
0.32425300,-4.9945471,217.88658,-3.9273400e-13
0.32525300,-5.3128807,217.93894,-3.9296126e-13
0.32625300,-5.6319446,217.99088,-3.9318882e-13
0.32725300,-5.9517360,218.04240,-3.9341665e-13
0.32825300,-6.2722523,218.09349,-3.9364477e-13
0.32925300,-6.5934906,218.14415,-3.9387317e-13
0.33025300,-6.9154481,218.19437,-3.9410185e-13
0.33125300,-7.2381221,218.24416,-3.9433080e-13
0.33225300,-7.5615098,218.29351,-3.9456002e-13
0.33325300,-7.8856083,218.34241,-3.9478950e-13
0.33425300,-8.2104148,218.39087,-3.9501926e-13
0.33525300,-8.5359264,218.43887,-3.9524927e-13
0.33625300,-8.8621403,218.48642,-3.9547954e-13
0.33725300,-9.1890535,218.53351,-3.9571008e-13
0.33825300,-9.5166631,218.58014,-3.9594086e-13
0.33925300,-9.8449661,218.62630,-3.9617190e-13
0.34025300,-10.173960,218.67199,-3.9640318e-13
0.34125300,-10.503641,218.71721,-3.9663471e-13
0.34225300,-10.834007,218.76196,-3.9686648e-13
0.34325300,-11.165054,218.80623,-3.9709849e-13
0.34425300,-11.496780,218.85001,-3.9733074e-13
0.34525300,-11.829182,218.89331,-3.9756322e-13
0.34625300,-12.162256,218.93612,-3.9779594e-13
0.34725300,-12.495999,218.97844,-3.9802888e-13
0.34825300,-12.830409,219.02026,-3.9826205e-13
0.34925300,-13.165482,219.06159,-3.9849544e-13
0.35025300,-13.501215,219.10241,-3.9872904e-13
0.35125300,-13.837605,219.14272,-3.9896287e-13
0.35225300,-14.174650,219.18253,-3.9919691e-13
0.35325300,-14.512344,219.22182,-3.9943116e-13
0.35425300,-14.850686,219.26060,-3.9966562e-13
0.35525300,-15.189673,219.29886,-3.9990029e-13
0.35625300,-15.529301,219.33659,-4.0013516e-13
0.35725300,-15.869566,219.37381,-4.0037023e-13
0.35825300,-16.210466,219.41049,-4.0060549e-13
0.35925300,-16.551997,219.44664,-4.0084095e-13
0.36025300,-16.894157,219.48226,-4.0107661e-13
0.36125300,-17.236941,219.51734,-4.0131245e-13
0.36225300,-17.580347,219.55188,-4.0154847e-13
0.36325300,-17.924370,219.58587,-4.0178468e-13
0.36425300,-18.269009,219.61932,-4.0202107e-13
0.36525300,-18.614258,219.65221,-4.0225764e-13
0.36625300,-18.960116,219.68456,-4.0249438e-13
0.36725300,-19.306579,219.71634,-4.0273129e-13
0.36825300,-19.653642,219.74757,-4.0296837e-13
0.36925300,-20.001303,219.77823,-4.0320562e-13
0.37025300,-20.349559,219.80833,-4.0344302e-13
0.37125300,-20.698405,219.83786,-4.0368059e-13
0.37225300,-21.047839,219.86682,-4.0391832e-13
0.37325300,-21.397857,219.89520,-4.0415620e-13
0.37425300,-21.748455,219.92301,-4.0439424e-13
0.37525300,-22.099629,219.95023,-4.0463242e-13
0.37625300,-22.451377,219.97688,-4.0487075e-13
0.37725300,-22.803695,220.00293,-4.0510922e-13
0.37825300,-23.156579,220.02840,-4.0534783e-13
0.37925300,-23.510025,220.05327,-4.0558658e-13
0.38025300,-23.864031,220.07755,-4.0582546e-13
0.38125300,-24.218591,220.10123,-4.0606447e-13
0.38225300,-24.573704,220.12431,-4.0630362e-13
0.38325300,-24.929364,220.14679,-4.0654289e-13
0.38425300,-25.285568,220.16866,-4.0678228e-13
0.38525300,-25.642314,220.18992,-4.0702180e-13
0.38625300,-25.999596,220.21057,-4.0726143e-13
0.38725300,-26.357411,220.23061,-4.0750117e-13
0.38825300,-26.715756,220.25003,-4.0774103e-13
0.38925300,-27.074627,220.26883,-4.0798100e-13
0.39025300,-27.434019,220.28700,-4.0822107e-13
0.39125300,-27.793930,220.30455,-4.0846125e-13
0.39225300,-28.154355,220.32148,-4.0870153e-13
0.39325300,-28.515291,220.33777,-4.0894190e-13
0.39425300,-28.876733,220.35343,-4.0918237e-13
0.39525300,-29.238678,220.36845,-4.0942294e-13
0.39625300,-29.601123,220.38284,-4.0966359e-13
0.39725300,-29.964062,220.39658,-4.0990433e-13
0.39825300,-30.327493,220.40968,-4.1014515e-13
0.39925300,-30.691411,220.42214,-4.1038605e-13
0.40025300,-31.055813,220.43395,-4.1062704e-13
0.40125300,-31.420694,220.44510,-4.1086809e-13
0.40225300,-31.786051,220.45561,-4.1110922e-13
0.40325300,-32.151880,220.46545,-4.1135042e-13
0.40425300,-32.518176,220.47464,-4.1159169e-13
0.40525300,-32.884936,220.48317,-4.1183302e-13
0.40625300,-33.252156,220.49104,-4.1207441e-13
0.40725300,-33.619831,220.49824,-4.1231586e-13
0.40825300,-33.987958,220.50477,-4.1255736e-13
0.40925300,-34.356532,220.51064,-4.1279892e-13
0.41025300,-34.725550,220.51583,-4.1304053e-13
0.41125300,-35.095008,220.52035,-4.1328219e-13
0.41225300,-35.464901,220.52419,-4.1352389e-13
0.41325300,-35.835225,220.52735,-4.1376563e-13
0.41425300,-36.205976,220.52983,-4.1400741e-13
0.41525300,-36.577150,220.53163,-4.1424923e-13
0.41625300,-36.948744,220.53275,-4.1449108e-13
0.41725300,-37.320752,220.53317,-4.1473296e-13
0.41825300,-37.693170,220.53291,-4.1497487e-13
0.41925300,-38.065995,220.53195,-4.1521680e-13
0.42025300,-38.439223,220.53030,-4.1545876e-13
0.42125300,-38.812848,220.52796,-4.1570074e-13
0.42225300,-39.186867,220.52492,-4.1594273e-13
0.42325300,-39.561275,220.52118,-4.1618474e-13
0.42425300,-39.936069,220.51673,-4.1642676e-13
0.42525300,-40.311244,220.51159,-4.1666878e-13
0.42625300,-40.686796,220.50573,-4.1691081e-13
0.42725300,-41.062720,220.49917,-4.1715285e-13
0.42825300,-41.439013,220.49191,-4.1739489e-13
0.42925300,-41.815669,220.48393,-4.1763692e-13
0.43025300,-42.192685,220.47523,-4.1787895e-13
0.43125300,-42.570056,220.46583,-4.1812097e-13
0.43225300,-42.947778,220.45570,-4.1836298e-13
0.43325300,-43.325847,220.44486,-4.1860497e-13
0.43425300,-43.704258,220.43330,-4.1884695e-13
0.43525300,-44.083006,220.42101,-4.1908891e-13
0.43625300,-44.462089,220.40800,-4.1933085e-13
0.43725300,-44.841500,220.39427,-4.1957277e-13
0.43825300,-45.221236,220.37981,-4.1981466e-13
0.43925300,-45.601292,220.36462,-4.2005651e-13
0.44025300,-45.981664,220.34871,-4.2029834e-13
0.44125300,-46.362347,220.33206,-4.2054013e-13
0.44225300,-46.743337,220.31467,-4.2078188e-13
0.44325300,-47.124629,220.29656,-4.2102359e-13
0.44425300,-47.506220,220.27770,-4.2126526e-13
0.44525300,-47.888103,220.25811,-4.2150689e-13
0.44625300,-48.270276,220.23778,-4.2174846e-13
0.44725300,-48.652734,220.21672,-4.2198998e-13
0.44825300,-49.035471,220.19490,-4.2223145e-13
0.44925300,-49.418483,220.17235,-4.2247286e-13
0.45025300,-49.801767,220.14905,-4.2271422e-13
0.45125300,-50.185317,220.12501,-4.2295551e-13
0.45225300,-50.569128,220.10021,-4.2319673e-13
0.45325300,-50.953197,220.07467,-4.2343789e-13
0.45425300,-51.337519,220.04838,-4.2367898e-13
0.45525300,-51.722088,220.02134,-4.2392000e-13
0.45625300,-52.106901,219.99355,-4.2416094e-13
0.45725300,-52.491953,219.96501,-4.2440180e-13
0.45825300,-52.877239,219.93571,-4.2464259e-13
0.45925300,-53.262755,219.90565,-4.2488329e-13
0.46025300,-53.648496,219.87484,-4.2512390e-13
0.46125300,-54.034457,219.84327,-4.2536443e-13
0.46225300,-54.420633,219.81095,-4.2560486e-13
0.46325300,-54.807021,219.77786,-4.2584520e-13
0.46425300,-55.193616,219.74401,-4.2608545e-13
0.46525300,-55.580412,219.70940,-4.2632559e-13
0.46625300,-55.967405,219.67403,-4.2656564e-13
0.46725300,-56.354590,219.63790,-4.2680558e-13
0.46825300,-56.741964,219.60100,-4.2704541e-13
0.46925300,-57.129520,219.56334,-4.2728514e-13
0.47025300,-57.517254,219.52491,-4.2752475e-13
0.47125300,-57.905163,219.48572,-4.2776425e-13
0.47225300,-58.293240,219.44576,-4.2800363e-13
0.47325300,-58.681481,219.40503,-4.2824289e-13
0.47425300,-59.069881,219.36353,-4.2848203e-13
0.47525300,-59.458436,219.32126,-4.2872105e-13
0.47625300,-59.847141,219.27822,-4.2895994e-13
0.47725300,-60.235992,219.23442,-4.2919869e-13
0.47825300,-60.624982,219.18984,-4.2943732e-13
0.47925300,-61.014108,219.14449,-4.2967581e-13
0.48025300,-61.403366,219.09836,-4.2991417e-13
0.48125300,-61.792749,219.05147,-4.3015238e-13
0.48225300,-62.182253,219.00380,-4.3039046e-13
0.48325300,-62.571874,218.95536,-4.3062838e-13
0.48425300,-62.961607,218.90614,-4.3086616e-13
0.48525300,-63.351447,218.85615,-4.3110379e-13
0.48625300,-63.741389,218.80538,-4.3134127e-13
0.48725300,-64.131428,218.75384,-4.3157860e-13
0.48825300,-64.521560,218.70153,-4.3181576e-13
0.48925300,-64.911779,218.64844,-4.3205277e-13
0.49025300,-65.302081,218.59457,-4.3228961e-13
0.49125300,-65.692461,218.53993,-4.3252629e-13
0.49225300,-66.082915,218.48451,-4.3276281e-13
0.49325300,-66.473437,218.42831,-4.3299915e-13
0.49425300,-66.864022,218.37134,-4.3323532e-13
0.49525300,-67.254666,218.31359,-4.3347132e-13
0.49625300,-67.645364,218.25506,-4.3370714e-13
0.49725300,-68.036111,218.19576,-4.3394278e-13
0.49825300,-68.426902,218.13568,-4.3417824e-13
0.49925300,-68.817732,218.07482,-4.3441351e-13
0.50025300,-69.208597,218.01319,-4.3464860e-13
0.50125300,-69.599491,217.95078,-4.3488350e-13
0.50225300,-69.990410,217.88759,-4.3511821e-13
0.50325300,-70.381349,217.82363,-4.3535272e-13
0.50425300,-70.772303,217.75889,-4.3558704e-13
0.50525300,-71.163267,217.69337,-4.3582116e-13
0.50625300,-71.554236,217.62708,-4.3605508e-13
0.50725300,-71.945206,217.56001,-4.3628880e-13
0.50825300,-72.336171,217.49217,-4.3652231e-13
0.50925300,-72.727127,217.42355,-4.3675561e-13
0.51025300,-73.118068,217.35416,-4.3698870e-13
0.51125300,-73.508990,217.28399,-4.3722158e-13
0.51225300,-73.899889,217.21305,-4.3745424e-13
0.51325300,-74.290758,217.14134,-4.3768669e-13
0.51425300,-74.681593,217.06885,-4.3791892e-13
0.51525300,-75.072390,216.99559,-4.3815093e-13
0.51625300,-75.463143,216.92156,-4.3838271e-13
0.51725300,-75.853848,216.84675,-4.3861426e-13
0.51825300,-76.244499,216.77118,-4.3884559e-13
0.51925300,-76.635092,216.69483,-4.3907669e-13
0.52025300,-77.025623,216.61772,-4.3930755e-13
0.52125300,-77.416085,216.53984,-4.3953818e-13
0.52225300,-77.806474,216.46118,-4.3976857e-13
0.52325300,-78.196785,216.38176,-4.3999872e-13
0.52425300,-78.587014,216.30158,-4.4022862e-13
0.52525300,-78.977155,216.22062,-4.4045829e-13
0.52625300,-79.367204,216.13891,-4.4068770e-13
0.52725300,-79.757155,216.05642,-4.4091687e-13
0.52825300,-80.147004,215.97318,-4.4114579e-13
0.52925300,-80.536747,215.88917,-4.4137445e-13
0.53025300,-80.926377,215.80440,-4.4160286e-13
0.53125300,-81.315890,215.71887,-4.4183101e-13
0.53225300,-81.705282,215.63258,-4.4205890e-13
0.53325300,-82.094547,215.54553,-4.4228653e-13
0.53425300,-82.483681,215.45772,-4.4251389e-13
0.53525300,-82.872679,215.36916,-4.4274099e-13
0.53625300,-83.261535,215.27984,-4.4296782e-13
0.53725300,-83.650245,215.18976,-4.4319437e-13
0.53825300,-84.038805,215.09893,-4.4342066e-13
0.53925300,-84.427209,215.00736,-4.4364667e-13
0.54025300,-84.815452,214.91503,-4.4387240e-13
0.54125300,-85.203529,214.82195,-4.4409786e-13
0.54225300,-85.591437,214.72812,-4.4432303e-13
0.54325300,-85.979169,214.63354,-4.4454792e-13
0.54425300,-86.366722,214.53822,-4.4477252e-13
0.54525300,-86.754089,214.44216,-4.4499684e-13
0.54625300,-87.141267,214.34535,-4.4522087e-13
0.54725300,-87.528251,214.24780,-4.4544460e-13
0.54825300,-87.915035,214.14951,-4.4566804e-13
0.54925300,-88.301616,214.05048,-4.4589119e-13
0.55025300,-88.687987,213.95072,-4.4611404e-13
0.55125300,-89.074145,213.85022,-4.4633659e-13
0.55225300,-89.460084,213.74899,-4.4655883e-13
0.55325300,-89.845800,213.64702,-4.4678078e-13
0.55425300,-90.231288,213.54433,-4.4700241e-13
0.55525300,-90.616542,213.44090,-4.4722374e-13
0.55625300,-91.001560,213.33675,-4.4744476e-13
0.55725300,-91.386335,213.23187,-4.4766547e-13
0.55825300,-91.770862,213.12627,-4.4788586e-13
0.55925300,-92.155138,213.01995,-4.4810594e-13
0.56025300,-92.539157,212.91291,-4.4832570e-13
0.56125300,-92.922915,212.80514,-4.4854514e-13
0.56225300,-93.306406,212.69667,-4.4876426e-13
0.56325300,-93.689627,212.58748,-4.4898306e-13
0.56425300,-94.072571,212.47757,-4.4920153e-13
0.56525300,-94.455236,212.36696,-4.4941967e-13
0.56625300,-94.837615,212.25563,-4.4963748e-13
0.56725300,-95.219704,212.14360,-4.4985496e-13
0.56825300,-95.601499,212.03087,-4.5007211e-13
0.56925300,-95.982995,211.91743,-4.5028893e-13
0.57025300,-96.364187,211.80330,-4.5050541e-13
0.57125300,-96.745070,211.68846,-4.5072155e-13
0.57225300,-97.125640,211.57293,-4.5093734e-13
0.57325300,-97.505892,211.45671,-4.5115280e-13
0.57425300,-97.885822,211.33979,-4.5136791e-13
0.57525300,-98.265424,211.22219,-4.5158268e-13
0.57625300,-98.644695,211.10389,-4.5179710e-13
0.57725300,-99.023629,210.98492,-4.5201117e-13
0.57825300,-99.402222,210.86526,-4.5222489e-13
0.57925300,-99.780469,210.74492,-4.5243825e-13
0.58025300,-100.15837,210.62390,-4.5265126e-13
0.58125300,-100.53591,210.50221,-4.5286391e-13
0.58225300,-100.91309,210.37985,-4.5307621e-13
0.58325300,-101.28991,210.25681,-4.5328814e-13
0.58425300,-101.66636,210.13311,-4.5349972e-13
0.58525300,-102.04244,210.00874,-4.5371092e-13
0.58625300,-102.41813,209.88371,-4.5392177e-13
0.58725300,-102.79345,209.75802,-4.5413225e-13
0.58825300,-103.16838,209.63167,-4.5434235e-13
0.58925300,-103.54292,209.50467,-4.5455209e-13
0.59025300,-103.91706,209.37702,-4.5476146e-13
0.59125300,-104.29081,209.24871,-4.5497045e-13
0.59225300,-104.66414,209.11976,-4.5517906e-13
0.59325300,-105.03707,208.99017,-4.5538730e-13
0.59425300,-105.40959,208.85993,-4.5559516e-13
0.59525300,-105.78168,208.72906,-4.5580264e-13
0.59625300,-106.15336,208.59755,-4.5600974e-13
0.59725300,-106.52461,208.46541,-4.5621645e-13
0.59825300,-106.89542,208.33264,-4.5642278e-13
0.59925300,-107.26580,208.19924,-4.5662872e-13
0.60025300,-107.63574,208.06522,-4.5683427e-13
0.60125300,-108.00524,207.93058,-4.5703943e-13
0.60225300,-108.37428,207.79532,-4.5724420e-13
0.60325300,-108.74288,207.65944,-4.5744858e-13
0.60425300,-109.11101,207.52295,-4.5765257e-13
0.60525300,-109.47868,207.38586,-4.5785615e-13
0.60625300,-109.84589,207.24816,-4.5805934e-13
0.60725300,-110.21263,207.10985,-4.5826213e-13
0.60825300,-110.57889,206.97095,-4.5846452e-13
0.60925300,-110.94467,206.83145,-4.5866650e-13
0.61025300,-111.30997,206.69136,-4.5886808e-13
0.61125300,-111.67478,206.55068,-4.5906926e-13
0.61225300,-112.03910,206.40941,-4.5927003e-13
0.61325300,-112.40292,206.26756,-4.5947039e-13
0.61425300,-112.76625,206.12513,-4.5967034e-13
0.61525300,-113.12906,205.98213,-4.5986988e-13
0.61625300,-113.49137,205.83855,-4.6006901e-13
0.61725300,-113.85317,205.69440,-4.6026772e-13
0.61825300,-114.21445,205.54968,-4.6046602e-13
0.61925300,-114.57521,205.40440,-4.6066390e-13
0.62025300,-114.93544,205.25857,-4.6086136e-13
0.62125300,-115.29514,205.11217,-4.6105840e-13
0.62225300,-115.65431,204.96523,-4.6125503e-13
0.62325300,-116.01294,204.81773,-4.6145122e-13
0.62425300,-116.37103,204.66969,-4.6164700e-13
0.62525300,-116.72858,204.52111,-4.6184235e-13
0.62625300,-117.08557,204.37199,-4.6203727e-13
0.62725300,-117.44201,204.22234,-4.6223176e-13
0.62825300,-117.79790,204.07215,-4.6242583e-13
0.62925300,-118.15322,203.92144,-4.6261946e-13
0.63025300,-118.50797,203.77021,-4.6281267e-13
0.63125300,-118.86216,203.61845,-4.6300544e-13
0.63225300,-119.21577,203.46618,-4.6319777e-13
0.63325300,-119.56880,203.31340,-4.6338967e-13
0.63425300,-119.92125,203.16011,-4.6358113e-13
0.63525300,-120.27312,203.00632,-4.6377216e-13
0.63625300,-120.62440,202.85202,-4.6396274e-13
0.63725300,-120.97508,202.69723,-4.6415288e-13
0.63825300,-121.32516,202.54195,-4.6434259e-13
0.63925300,-121.67465,202.38617,-4.6453184e-13
0.64025300,-122.02353,202.22992,-4.6472066e-13
0.64125300,-122.37180,202.07318,-4.6490902e-13
0.64225300,-122.71946,201.91596,-4.6509695e-13
0.64325300,-123.06650,201.75827,-4.6528442e-13
0.64425300,-123.41293,201.60012,-4.6547144e-13
0.64525300,-123.75872,201.44150,-4.6565801e-13
0.64625300,-124.10390,201.28241,-4.6584414e-13
0.64725300,-124.44844,201.12287,-4.6602980e-13
0.64825300,-124.79234,200.96288,-4.6621502e-13
0.64925300,-125.13561,200.80244,-4.6639978e-13
0.65025300,-125.47823,200.64156,-4.6658408e-13
0.65125300,-125.82021,200.48023,-4.6676793e-13
0.65225300,-126.16154,200.31847,-4.6695132e-13
0.65325300,-126.50221,200.15628,-4.6713425e-13
0.65425300,-126.84223,199.99366,-4.6731672e-13
0.65525300,-127.18159,199.83062,-4.6749872e-13
0.65625300,-127.52028,199.66716,-4.6768027e-13
0.65725300,-127.85831,199.50328,-4.6786135e-13
0.65825300,-128.19567,199.33900,-4.6804196e-13
0.65925300,-128.53235,199.17431,-4.6822211e-13
0.66025300,-128.86835,199.00922,-4.6840180e-13
0.66125300,-129.20367,198.84373,-4.6858101e-13
0.66225300,-129.53831,198.67785,-4.6875976e-13
0.66325300,-129.87226,198.51158,-4.6893804e-13
0.66425300,-130.20552,198.34492,-4.6911584e-13
0.66525300,-130.53808,198.17789,-4.6929318e-13
0.66625300,-130.86994,198.01048,-4.6947004e-13
0.66725300,-131.20110,197.84271,-4.6964643e-13
0.66825300,-131.53156,197.67456,-4.6982234e-13
0.66925300,-131.86131,197.50606,-4.6999778e-13
0.67025300,-132.19034,197.33720,-4.7017274e-13
0.67125300,-132.51866,197.16799,-4.7034722e-13
0.67225300,-132.84626,196.99843,-4.7052123e-13
0.67325300,-133.17315,196.82852,-4.7069475e-13
0.67425300,-133.49930,196.65828,-4.7086780e-13
0.67525300,-133.82473,196.48771,-4.7104037e-13
0.67625300,-134.14942,196.31681,-4.7121245e-13
0.67725300,-134.47338,196.14558,-4.7138405e-13
0.67825300,-134.79661,195.97404,-4.7155517e-13
0.67925300,-135.11909,195.80218,-4.7172580e-13
0.68025300,-135.44083,195.63001,-4.7189594e-13
0.68125300,-135.76182,195.45753,-4.7206561e-13
0.68225300,-136.08206,195.28476,-4.7223478e-13
0.68325300,-136.40154,195.11168,-4.7240347e-13
0.68425300,-136.72027,194.93832,-4.7257166e-13
0.68525300,-137.03825,194.76468,-4.7273937e-13
0.68625300,-137.35545,194.59075,-4.7290659e-13
0.68725300,-137.67190,194.41654,-4.7307332e-13
0.68825300,-137.98757,194.24207,-4.7323955e-13
0.68925300,-138.30248,194.06733,-4.7340529e-13
0.69025300,-138.61660,193.89232,-4.7357054e-13
0.69125300,-138.92996,193.71706,-4.7373530e-13
0.69225300,-139.24253,193.54155,-4.7389956e-13
0.69325300,-139.55432,193.36580,-4.7406332e-13
0.69425300,-139.86532,193.18980,-4.7422659e-13
0.69525300,-140.17553,193.01356,-4.7438937e-13
0.69625300,-140.48495,192.83709,-4.7455164e-13
0.69725300,-140.79358,192.66040,-4.7471342e-13
0.69825300,-141.10141,192.48349,-4.7487470e-13
0.69925300,-141.40844,192.30635,-4.7503547e-13
0.70025300,-141.71467,192.12901,-4.7519575e-13
0.70125300,-142.02009,191.95146,-4.7535553e-13
0.70225300,-142.32470,191.77371,-4.7551480e-13
0.70325300,-142.62850,191.59577,-4.7567358e-13
0.70425300,-142.93149,191.41763,-4.7583185e-13
0.70525300,-143.23367,191.23930,-4.7598961e-13
0.70625300,-143.53502,191.06080,-4.7614688e-13
0.70725300,-143.83555,190.88212,-4.7630363e-13
0.70825300,-144.13526,190.70327,-4.7645989e-13
0.70925300,-144.43414,190.52426,-4.7661563e-13
0.71025300,-144.73219,190.34508,-4.7677087e-13
0.71125300,-145.02941,190.16575,-4.7692561e-13
0.71225300,-145.32580,189.98627,-4.7707983e-13
0.71325300,-145.62134,189.80665,-4.7723355e-13
0.71425300,-145.91605,189.62689,-4.7738676e-13
0.71525300,-146.20992,189.44699,-4.7753946e-13
0.71625300,-146.50294,189.26696,-4.7769165e-13
0.71725300,-146.79512,189.08682,-4.7784333e-13
0.71825300,-147.08644,188.90655,-4.7799450e-13
0.71925300,-147.37692,188.72617,-4.7814516e-13
0.72025300,-147.66654,188.54569,-4.7829530e-13
0.72125300,-147.95530,188.36510,-4.7844493e-13
0.72225300,-148.24321,188.18441,-4.7859406e-13
0.72325300,-148.53025,188.00364,-4.7874266e-13
0.72425300,-148.81643,187.82278,-4.7889076e-13
0.72525300,-149.10175,187.64183,-4.7903834e-13
0.72625300,-149.38620,187.46082,-4.7918540e-13
0.72725300,-149.66977,187.27973,-4.7933195e-13
0.72825300,-149.95248,187.09858,-4.7947798e-13
0.72925300,-150.23431,186.91737,-4.7962350e-13
0.73025300,-150.51526,186.73610,-4.7976850e-13
0.73125300,-150.79534,186.55479,-4.7991299e-13
0.73225300,-151.07453,186.37344,-4.8005695e-13
0.73325300,-151.35284,186.19205,-4.8020040e-13
0.73425300,-151.63026,186.01062,-4.8034334e-13
0.73525300,-151.90680,185.82917,-4.8048575e-13
0.73625300,-152.18245,185.64770,-4.8062764e-13
0.73725300,-152.45720,185.46622,-4.8076902e-13
0.73825300,-152.73107,185.28472,-4.8090987e-13
0.73925300,-153.00403,185.10322,-4.8105021e-13
0.74025300,-153.27610,184.92172,-4.8119003e-13
0.74125300,-153.54727,184.74023,-4.8132932e-13
0.74225300,-153.81753,184.55875,-4.8146810e-13
0.74325300,-154.08690,184.37729,-4.8160635e-13
0.74425300,-154.35535,184.19585,-4.8174408e-13
0.74525300,-154.62290,184.01444,-4.8188129e-13
0.74625300,-154.88954,183.83306,-4.8201797e-13
0.74725300,-155.15527,183.65173,-4.8215414e-13
0.74825300,-155.42009,183.47044,-4.8228978e-13
0.74925300,-155.68399,183.28920,-4.8242490e-13
0.75025300,-155.94697,183.10802,-4.8255949e-13
0.75125300,-156.20903,182.92690,-4.8269356e-13
0.75225300,-156.47017,182.74584,-4.8282711e-13
0.75325300,-156.73040,182.56487,-4.8296013e-13
0.75425300,-156.98969,182.38397,-4.8309263e-13
0.75525300,-157.24806,182.20315,-4.8322461e-13
0.75625300,-157.50551,182.02243,-4.8335605e-13
0.75725300,-157.76202,181.84180,-4.8348698e-13
0.75825300,-158.01760,181.66127,-4.8361738e-13
0.75925300,-158.27225,181.48085,-4.8374725e-13
0.76025300,-158.52597,181.30054,-4.8387659e-13
0.76125300,-158.77874,181.12036,-4.8400541e-13
0.76225300,-159.03059,180.94029,-4.8413371e-13
0.76325300,-159.28149,180.76036,-4.8426147e-13
0.76425300,-159.53145,180.58056,-4.8438871e-13
0.76525300,-159.78047,180.40090,-4.8451543e-13
0.76625300,-160.02854,180.22139,-4.8464161e-13
0.76725300,-160.27567,180.04203,-4.8476727e-13
0.76825300,-160.52185,179.86283,-4.8489240e-13
0.76925300,-160.76708,179.68379,-4.8501701e-13
0.77025300,-161.01136,179.50492,-4.8514108e-13
0.77125300,-161.25469,179.32623,-4.8526463e-13
0.77225300,-161.49707,179.14772,-4.8538765e-13
0.77325300,-161.73849,178.96939,-4.8551014e-13
0.77425300,-161.97895,178.79126,-4.8563210e-13
0.77525300,-162.21846,178.61332,-4.8575353e-13
0.77625300,-162.45701,178.43559,-4.8587444e-13
0.77725300,-162.69460,178.25806,-4.8599481e-13
0.77825300,-162.93122,178.08076,-4.8611466e-13
0.77925300,-163.16689,177.90367,-4.8623398e-13
0.78025300,-163.40159,177.72681,-4.8635276e-13
0.78125300,-163.63532,177.55018,-4.8647102e-13
0.78225300,-163.86808,177.37378,-4.8658875e-13
0.78325300,-164.09988,177.19763,-4.8670595e-13
0.78425300,-164.33071,177.02174,-4.8682262e-13
0.78525300,-164.56056,176.84609,-4.8693876e-13
0.78625300,-164.78944,176.67071,-4.8705437e-13
0.78725300,-165.01735,176.49559,-4.8716945e-13
0.78825300,-165.24429,176.32074,-4.8728400e-13
0.78925300,-165.47025,176.14617,-4.8739802e-13
0.79025300,-165.69523,175.97189,-4.8751151e-13
0.79125300,-165.91923,175.79789,-4.8762447e-13
0.79225300,-166.14225,175.62419,-4.8773690e-13
0.79325300,-166.36429,175.45078,-4.8784880e-13
0.79425300,-166.58535,175.27769,-4.8796016e-13
0.79525300,-166.80543,175.10491,-4.8807100e-13
0.79625300,-167.02452,174.93244,-4.8818131e-13
0.79725300,-167.24262,174.76030,-4.8829108e-13
0.79825300,-167.45974,174.58848,-4.8840033e-13
0.79925300,-167.67587,174.41700,-4.8850904e-13
0.80025300,-167.89101,174.24586,-4.8861723e-13
0.80125300,-168.10517,174.07507,-4.8872488e-13
0.80225300,-168.31833,173.90463,-4.8883200e-13
0.80325300,-168.53049,173.73454,-4.8893859e-13
0.80425300,-168.74167,173.56482,-4.8904465e-13
0.80525300,-168.95185,173.39547,-4.8915018e-13
0.80625300,-169.16104,173.22649,-4.8925518e-13
0.80725300,-169.36923,173.05789,-4.8935964e-13
0.80825300,-169.57642,172.88968,-4.8946358e-13
0.80925300,-169.78262,172.72186,-4.8956699e-13
0.81025300,-169.98781,172.55443,-4.8966986e-13
0.81125300,-170.19201,172.38741,-4.8977220e-13
0.81225300,-170.39520,172.22080,-4.8987402e-13
0.81325300,-170.59739,172.05460,-4.8997530e-13
0.81425300,-170.79858,171.88882,-4.9007605e-13
0.81525300,-170.99877,171.72347,-4.9017627e-13
0.81625300,-171.19795,171.55854,-4.9027595e-13
0.81725300,-171.39612,171.39406,-4.9037511e-13
0.81825300,-171.59329,171.23002,-4.9047374e-13
0.81925300,-171.78945,171.06642,-4.9057183e-13
0.82025300,-171.98460,170.90328,-4.9066940e-13
0.82125300,-172.17875,170.74060,-4.9076643e-13
0.82225300,-172.37188,170.57838,-4.9086293e-13
0.82325300,-172.56400,170.41663,-4.9095890e-13
0.82425300,-172.75511,170.25536,-4.9105434e-13
0.82525300,-172.94521,170.09457,-4.9114925e-13
0.82625300,-173.13429,169.93427,-4.9124363e-13
0.82725300,-173.32236,169.77446,-4.9133748e-13
0.82825300,-173.50942,169.61515,-4.9143080e-13
0.82925300,-173.69546,169.45634,-4.9152358e-13
0.83025300,-173.88048,169.29805,-4.9161584e-13
0.83125300,-174.06448,169.14027,-4.9170757e-13
0.83225300,-174.24747,168.98301,-4.9179876e-13
0.83325300,-174.42944,168.82627,-4.9188942e-13
0.83425300,-174.61038,168.67007,-4.9197956e-13
0.83525300,-174.79031,168.51441,-4.9206916e-13
0.83625300,-174.96922,168.35928,-4.9215823e-13
0.83725300,-175.14710,168.20471,-4.9224677e-13
0.83825300,-175.32396,168.05069,-4.9233478e-13
0.83925300,-175.49980,167.89723,-4.9242227e-13
0.84025300,-175.67461,167.74434,-4.9250922e-13
0.84125300,-175.84840,167.59202,-4.9259564e-13
0.84225300,-176.02117,167.44027,-4.9268153e-13
0.84325300,-176.19290,167.28910,-4.9276688e-13
0.84425300,-176.36361,167.13853,-4.9285171e-13
0.84525300,-176.53330,166.98854,-4.9293601e-13
0.84625300,-176.70195,166.83915,-4.9301978e-13
0.84725300,-176.86957,166.69037,-4.9310302e-13
0.84825300,-177.03617,166.54219,-4.9318573e-13
0.84925300,-177.20173,166.39463,-4.9326791e-13
0.85025300,-177.36627,166.24769,-4.9334956e-13
0.85125300,-177.52977,166.10138,-4.9343067e-13
0.85225300,-177.69224,165.95570,-4.9351126e-13
0.85325300,-177.85367,165.81065,-4.9359132e-13
0.85425300,-178.01408,165.66624,-4.9367085e-13
0.85525300,-178.17345,165.52248,-4.9374985e-13
0.85625300,-178.33178,165.37937,-4.9382832e-13
0.85725300,-178.48908,165.23692,-4.9390626e-13
0.85825300,-178.64534,165.09514,-4.9398367e-13
0.85925300,-178.80056,164.95402,-4.9406055e-13
0.86025300,-178.95475,164.81358,-4.9413690e-13
0.86125300,-179.10790,164.67381,-4.9421272e-13
0.86225300,-179.26001,164.53473,-4.9428801e-13
0.86325300,-179.41108,164.39634,-4.9436277e-13
0.86425300,-179.56110,164.25864,-4.9443700e-13
0.86525300,-179.71009,164.12165,-4.9451070e-13
0.86625300,-179.85804,163.98536,-4.9458387e-13
0.86725300,-180.00495,163.84978,-4.9465651e-13
0.86825300,-180.15081,163.71492,-4.9472863e-13
0.86925300,-180.29563,163.58077,-4.9480021e-13
0.87025300,-180.43940,163.44736,-4.9487126e-13
0.87125300,-180.58214,163.31468,-4.9494179e-13
0.87225300,-180.72382,163.18273,-4.9501178e-13
0.87325300,-180.86446,163.05153,-4.9508124e-13
0.87425300,-181.00406,162.92107,-4.9515018e-13
0.87525300,-181.14260,162.79136,-4.9521858e-13
0.87625300,-181.28010,162.66242,-4.9528646e-13
0.87725300,-181.41655,162.53424,-4.9535381e-13
0.87825300,-181.55195,162.40682,-4.9542062e-13
0.87925300,-181.68631,162.28018,-4.9548691e-13
0.88025300,-181.81961,162.15431,-4.9555267e-13
0.88125300,-181.95186,162.02923,-4.9561789e-13
0.88225300,-182.08306,161.90494,-4.9568259e-13
0.88325300,-182.21321,161.78144,-4.9574676e-13
0.88425300,-182.34230,161.65874,-4.9581040e-13
0.88525300,-182.47034,161.53685,-4.9587350e-13
0.88625300,-182.59733,161.41576,-4.9593608e-13
0.88725300,-182.72326,161.29549,-4.9599813e-13
0.88825300,-182.84814,161.17603,-4.9605965e-13
0.88925300,-182.97196,161.05740,-4.9612064e-13
0.89025300,-183.09473,160.93960,-4.9618109e-13
0.89125300,-183.21644,160.82263,-4.9624102e-13
0.89225300,-183.33709,160.70650,-4.9630042e-13
0.89325300,-183.45668,160.59121,-4.9635929e-13
0.89425300,-183.57521,160.47678,-4.9641762e-13
0.89525300,-183.69268,160.36319,-4.9647543e-13
0.89625300,-183.80909,160.25047,-4.9653270e-13
0.89725300,-183.92444,160.13860,-4.9658945e-13
0.89825300,-184.03873,160.02761,-4.9664566e-13
0.89925300,-184.15196,159.91748,-4.9670134e-13
0.90025300,-184.26412,159.80824,-4.9675650e-13
0.90125300,-184.37521,159.69988,-4.9681112e-13
0.90225300,-184.48525,159.59240,-4.9686521e-13
0.90325300,-184.59421,159.48582,-4.9691876e-13
0.90425300,-184.70211,159.38014,-4.9697179e-13
0.90525300,-184.80895,159.27535,-4.9702428e-13
0.90625300,-184.91471,159.17147,-4.9707625e-13
0.90725300,-185.01941,159.06851,-4.9712768e-13
0.90825300,-185.12304,158.96646,-4.9717858e-13
0.90925300,-185.22560,158.86533,-4.9722894e-13
0.91025300,-185.32708,158.76512,-4.9727878e-13
0.91125300,-185.42750,158.66585,-4.9732808e-13
0.91225300,-185.52684,158.56750,-4.9737685e-13
0.91325300,-185.62511,158.47010,-4.9742508e-13
0.91425300,-185.72230,158.37365,-4.9747279e-13
0.91525300,-185.81842,158.27814,-4.9751996e-13
0.91625300,-185.91347,158.18358,-4.9756659e-13
0.91725300,-186.00744,158.08998,-4.9761269e-13
0.91825300,-186.10033,157.99734,-4.9765826e-13
0.91925300,-186.19214,157.90567,-4.9770329e-13
0.92025300,-186.28287,157.81497,-4.9774779e-13
0.92125300,-186.37252,157.72525,-4.9779176e-13
0.92225300,-186.46110,157.63650,-4.9783519e-13
0.92325300,-186.54859,157.54874,-4.9787808e-13
0.92425300,-186.63499,157.46197,-4.9792044e-13
0.92525300,-186.72032,157.37619,-4.9796226e-13
0.92625300,-186.80456,157.29141,-4.9800355e-13
0.92725300,-186.88771,157.20763,-4.9804430e-13
0.92825300,-186.96978,157.12486,-4.9808451e-13
0.92925300,-187.05076,157.04309,-4.9812419e-13
0.93025300,-187.13065,156.96235,-4.9816333e-13
0.93125300,-187.20945,156.88262,-4.9820193e-13
0.93225300,-187.28716,156.80391,-4.9823999e-13
0.93325300,-187.36378,156.72624,-4.9827752e-13
0.93425300,-187.43931,156.64959,-4.9831451e-13
0.93525300,-187.51375,156.57398,-4.9835096e-13
0.93625300,-187.58709,156.49941,-4.9838686e-13
0.93725300,-187.65933,156.42589,-4.9842223e-13
0.93825300,-187.73048,156.35341,-4.9845706e-13
0.93925300,-187.80053,156.28199,-4.9849135e-13
0.94025300,-187.86948,156.21163,-4.9852510e-13
0.94125300,-187.93733,156.14232,-4.9855830e-13
0.94225300,-188.00408,156.07408,-4.9859097e-13
0.94325300,-188.06972,156.00691,-4.9862309e-13
0.94425300,-188.13427,155.94081,-4.9865467e-13
0.94525300,-188.19770,155.87579,-4.9868571e-13
0.94625300,-188.26004,155.81186,-4.9871620e-13
0.94725300,-188.32126,155.74900,-4.9874615e-13
0.94825300,-188.38138,155.68724,-4.9877556e-13
0.94925300,-188.44039,155.62657,-4.9880442e-13
0.95025300,-188.49828,155.56699,-4.9883273e-13
0.95125300,-188.55507,155.50852,-4.9886050e-13
0.95225300,-188.61074,155.45115,-4.9888772e-13
0.95325300,-188.66529,155.39488,-4.9891440e-13
0.95425300,-188.71873,155.33974,-4.9894053e-13
0.95525300,-188.77105,155.28570,-4.9896610e-13
0.95625300,-188.82226,155.23279,-4.9899114e-13
0.95725300,-188.87234,155.18100,-4.9901562e-13
0.95825300,-188.92130,155.13033,-4.9903955e-13
0.95925300,-188.96914,155.08080,-4.9906293e-13
0.96025300,-189.01585,155.03240,-4.9908576e-13
0.96125300,-189.06144,154.98515,-4.9910804e-13
0.96225300,-189.10590,154.93903,-4.9912977e-13
0.96325300,-189.14923,154.89405,-4.9915094e-13
0.96425300,-189.19143,154.85023,-4.9917156e-13
0.96525300,-189.23249,154.80756,-4.9919163e-13
0.96625300,-189.27243,154.76604,-4.9921114e-13
0.96725300,-189.31122,154.72569,-4.9923009e-13
0.96825300,-189.34889,154.68650,-4.9924849e-13
0.96925300,-189.38541,154.64847,-4.9926633e-13
0.97025300,-189.42079,154.61161,-4.9928362e-13
0.97125300,-189.45503,154.57593,-4.9930034e-13
0.97225300,-189.48813,154.54142,-4.9931651e-13
0.97325300,-189.52008,154.50809,-4.9933211e-13
0.97425300,-189.55089,154.47595,-4.9934716e-13
0.97525300,-189.58054,154.44499,-4.9936164e-13
0.97625300,-189.60905,154.41522,-4.9937557e-13
0.97725300,-189.63640,154.38665,-4.9938892e-13
0.97825300,-189.66260,154.35927,-4.9940172e-13
0.97925300,-189.68764,154.33309,-4.9941395e-13
0.98025300,-189.71153,154.30811,-4.9942561e-13
0.98125300,-189.73425,154.28434,-4.9943671e-13
0.98225300,-189.75582,154.26178,-4.9944724e-13
0.98325300,-189.77621,154.24043,-4.9945720e-13
0.98425300,-189.79545,154.22029,-4.9946659e-13
0.98525300,-189.81352,154.20137,-4.9947541e-13
0.98625300,-189.83041,154.18367,-4.9948366e-13
0.98725300,-189.84614,154.16720,-4.9949133e-13
0.98825300,-189.86069,154.15195,-4.9949844e-13
0.98925300,-189.87406,154.13793,-4.9950497e-13
0.99025300,-189.88626,154.12515,-4.9951092e-13
0.99125300,-189.89728,154.11360,-4.9951630e-13
0.99225300,-189.90712,154.10328,-4.9952110e-13
0.99325300,-189.91577,154.09421,-4.9952533e-13
0.99425300,-189.92323,154.08638,-4.9952897e-13
0.99525300,-189.92951,154.07980,-4.9953204e-13
0.99625300,-189.93459,154.07447,-4.9953452e-13
0.99725300,-189.93848,154.07038,-4.9953642e-13
0.99825300,-189.94118,154.06756,-4.9953773e-13
0.99925300,-189.94267,154.06599,-4.9953846e-13
1.0000000,-189.94301,154.06563,-4.9953863e-13
