X:FX_GeoContact-GeoSurContact1-complex_contact(N),Y:FX_GeoContact-GeoSurContact1-complex_contact(N),Y:FY_GeoContact-GeoSurContact1-complex_contact(N),Y:FZ_GeoContact-GeoSurContact1-complex_contact(N)
0.0000000,0.0000000,0.0000000,0.0000000
0.0010130000,0.0000000,0.0000000,0.0000000
0.0020370000,0.0000000,0.0000000,0.0000000
0.0030610000,0.0000000,0.0000000,0.0000000
0.0040850000,0.0000000,0.0000000,0.0000000
0.0051090000,0.0000000,0.0000000,0.0000000
0.0060050000,0.0000000,0.0000000,0.0000000
0.0070290000,0.0000000,0.0000000,0.0000000
0.0080530000,0.0000000,0.0000000,0.0000000
0.0090770000,0.0000000,0.0000000,0.0000000
0.010101000,-0.0091254714,-0.0032031539,-0.042913782
0.011125000,0.0000000,0.0000000,0.0000000
0.012149000,-0.0050143359,-0.0018169470,-0.024342280
0.013045000,-0.0040036956,-0.0014667256,-0.019650240
0.014069000,-0.0040378888,-0.0014999913,-0.020095912
0.015093000,-0.0039721065,-0.0014943161,-0.020019880
0.016117000,-0.0040592790,-0.0016064883,-0.021522690
0.017397000,-0.0023709813,-0.00059381240,-0.0079555142
0.018421000,-0.019524974,-0.0049301712,-0.066051243
0.019445000,-0.026497369,-0.0023220921,-0.099969279
0.020213000,-0.0033800618,5.8334706e-05,-0.011521463
0.021109000,-0.0053357073,-0.00068834460,-0.019429802
0.022133000,-0.0054441512,-0.00098836016,-0.020231646
0.023029000,-0.0050540833,-0.00095776068,-0.018834698
0.024053000,-0.0050722146,-0.00096388939,-0.018902267
0.025077000,-0.0050961323,-0.00097142747,-0.018991399
0.026101000,-0.0056665805,-0.00052933851,-0.020551225
0.027125000,-0.0046778527,-0.00029950890,-0.017489474
0.028149000,-0.0056309021,0.00017910639,-0.019156542
0.029045000,-0.0056129457,-0.00094931521,-0.058409026
0.030069000,0.0000000,0.0000000,0.0000000
0.031093000,-0.046003159,-0.0027940985,-0.17191400
0.032117000,-0.0010704738,2.2906041e-05,-0.0063534514
0.033141000,0.0000000,0.0000000,0.0000000
0.034165000,-0.0067879517,0.0012847510,-0.041024674
0.035189000,0.0000000,0.0000000,0.0000000
0.036213000,-0.0048100203,0.0021375048,-0.025412842
0.037109000,-0.0014784289,0.00061809697,-0.0082217766
0.038133000,-0.0049782863,0.0026391010,-0.032807719
0.039029000,-0.00010106014,6.1299435e-05,-0.00055765482
0.040053000,-0.0011897293,0.00081753720,-0.0052200963
0.041077000,-0.0032122779,0.0010596298,-0.017930785
0.042101000,-0.0036031746,0.0011954379,-0.020112751
0.043253000,-0.00087044376,0.0013285342,-0.016593199
0.044021000,-0.0010718241,0.0016128080,-0.021361139
0.045173000,-0.0010449838,0.0015878953,-0.020203516
0.046069000,-0.0012330329,0.0019242145,-0.021804226
0.047093000,-0.0015872362,0.0026450592,-0.021303721
0.048117000,-0.0021362139,0.0037224090,-0.022132896
0.049013000,-0.0018561222,0.0032696817,-0.017808831
0.050037000,-0.0020761651,0.0036593480,-0.019837729
0.051061000,-0.0020530680,0.0036205975,-0.019538189
0.052085000,-0.0020624963,0.0036391537,-0.019550273
0.053109000,-0.0020705561,0.0036553944,-0.019545401
0.054133000,-0.0021047681,0.0037181200,-0.019774706
0.055157000,-0.0020559863,0.0036344889,-0.019214063
0.056181000,-5.9739971e-06,0.0039746774,-0.015602098
0.057077000,-9.6870807e-07,0.00064604685,-0.0025299441
0.058101000,-7.5363258e-06,0.0050454808,-0.019682383
0.059125000,-7.3889656e-06,0.0049649396,-0.019297527
0.060149000,-7.3817538e-06,0.0049779236,-0.019278692
0.061429000,-7.5718092e-06,0.0051299422,-0.019775054
0.062453000,-7.2901204e-06,0.0049590703,-0.019039376
0.063477000,0.018979449,0.047669039,-0.26018830
0.064245000,-6.0540800e-05,0.0018463590,-0.0069716359
0.065013000,0.013817990,0.031156502,-0.11863378
0.066037000,0.00069679180,0.0015552152,-0.0059056635
0.067317000,0.016377728,0.036494045,-0.13839348
0.068341000,0.0034286892,0.0081015034,-0.032147386
0.069109000,0.0010686731,0.0034166926,-0.016153582
0.070133000,0.0027445969,0.0062124744,-0.023857827
0.071029000,0.00096111736,0.0039787709,-0.020760438
0.072053000,0.00020753426,0.0011885382,-0.0067489759
0.073077000,0.00061214387,0.0035186807,-0.019995993
0.074229000,0.0023737093,0.0057368483,-0.023137262
0.075253000,0.00067675339,0.0036832939,-0.020683985
0.076021000,0.00067503522,0.0036008504,-0.020128621
0.077045000,0.00070274722,0.0036562835,-0.020319333
0.078069000,0.0010069216,0.0037169367,-0.020057455
0.079093000,0.017739149,0.019122589,-0.089826423
0.080117000,0.00080725134,0.00087007729,-0.0040865717
0.081141000,0.0052551652,0.0044512238,-0.030747787
0.082037000,0.0018932554,0.0018652177,-0.011077371
0.083061000,0.0023031090,0.0026483478,-0.013475410
0.084085000,0.027029784,0.026633811,-0.13084610
0.085109000,0.0068634785,0.0048560188,-0.043702159
0.086005000,0.0035490618,0.0035095149,-0.017679071
0.087029000,0.0042713531,0.0037853297,-0.021180531
0.088053000,0.0053018260,0.0045401773,-0.024320284
0.089205000,0.0045301530,0.0035773477,-0.020362550
0.090229000,0.0043290269,0.0033950421,-0.019545715
0.091253000,0.011164021,0.0071437704,-0.048142109
0.092021000,0.0032274574,0.0020759437,-0.013992117
0.093173000,0.0043000968,0.0027849402,-0.018770841
0.094197000,0.0017067978,0.0015450349,-0.010413726
0.095221000,0.0024049922,0.0022852434,-0.015402823
0.096117000,7.5099439e-05,1.8052932e-05,-0.00031665695
0.097013000,0.0000000,0.0000000,0.0000000
0.098037000,0.0035598821,0.00075366669,-0.015576898
0.099061000,0.0045280638,0.00088610977,-0.020215962
0.10008500,0.0045896333,0.00077453659,-0.021177052
0.10110900,0.0048114817,0.0011339308,-0.020413555
0.10200500,0.0043231716,0.00077908662,-0.019672706
0.10302900,0.0053322194,0.0016830164,-0.020256200
0.10405300,0.00095454499,0.00037595996,-0.0032116422
0.10507700,0.0055428719,0.0022593243,-0.018226500
0.10610100,0.016062673,-0.0097913662,-0.050569498
0.10712500,0.0000000,0.0000000,0.0000000
0.10802100,0.0000000,0.0000000,0.0000000
0.10904500,0.0000000,0.0000000,0.0000000
0.11006900,0.0060386282,-0.0027993376,-0.026120441
0.11109300,0.0031159219,-0.0014221881,-0.013657642
0.11211700,0.0042407088,-0.0019059310,-0.018826784
0.11339700,0.0040216733,-0.0017707462,-0.018150643
0.11442100,0.0000000,0.0000000,0.0000000
0.11544500,0.0054878167,-0.00072714505,-0.038388295
0.11608500,0.25778710,-0.26721399,-1.2171062
0.11710900,0.00086379283,-0.0010066533,-0.0031710681
0.11813300,0.0047070838,-0.0054964327,-0.017521147
0.11915700,0.0045180414,-0.0052866439,-0.017060640
0.12018100,0.0044792655,-0.0052527913,-0.017169923
0.12120500,0.0044350094,-0.0052130934,-0.017271102
0.12222900,0.0043926764,-0.0051763458,-0.017395081
0.12325300,0.0043480578,-0.0051377108,-0.017527898
0.12427700,0.0043021895,-0.0050985017,-0.017675711
0.12530100,0.0042551673,-0.0050589087,-0.017840616
0.12681300,0.0041972593,-0.0050161375,-0.018176608
0.12781300,0.0042135952,-0.0050547865,-0.018671892
0.12881300,0.0042230587,-0.0050868351,-0.019173210
0.12981300,0.0041942506,-0.0050742586,-0.019533504
0.13081300,0.0041315557,-0.0050217933,-0.019760572
0.13181300,0.0040513522,-0.0049488321,-0.019921329
0.13281300,0.0039617629,-0.0048649550,-0.020048120
0.13381300,0.0038626439,-0.0047696864,-0.020133588
0.13431300,0.010846473,-0.026409628,-0.082199893
0.13506300,0.00058908874,-0.0018603509,-0.0058490940
0.13606300,0.025742059,-0.063210984,-0.19266693
0.13706300,4.8540470e-05,-0.00011808737,-0.00035042648
0.13806300,0.010637384,-0.025895662,-0.076851787
0.13906300,0.0055420476,-0.012083576,-0.035382777
0.14006300,0.0053245876,-0.012810271,-0.035625040
0.14106300,0.0026898056,-0.0070750850,-0.020753858
0.14206300,0.0022211110,-0.0066400016,-0.019499868
0.14300050,0.0020609841,-0.0067808886,-0.020126975
0.14400050,0.0018998691,-0.0067329492,-0.020241142
0.14500050,0.0000000,0.0000000,0.0000000
0.14600050,0.0084327112,-0.021375013,-0.060057053
0.14700050,0.0026453130,-0.0061561161,-0.016859698
0.14812550,0.0027031733,-0.0062753499,-0.017186243
0.14912550,0.0025059435,-0.0056369036,-0.015437736
0.15000050,0.0035649554,-0.013069042,-0.035557037
0.15100050,0.0018905911,-0.0068867279,-0.023235523
0.15206300,0.0000000,0.0000000,0.0000000
0.15306300,0.0000000,0.0000000,0.0000000
0.15406300,0.0014804997,-0.0044333751,-0.012756722
0.15506300,0.0024251815,-0.0073613752,-0.021598635
0.15618800,0.0000000,0.0000000,0.0000000
0.15718800,0.0000000,0.0000000,0.0000000
0.15818800,0.0020486821,-0.011651487,-0.025411559
0.15918800,0.0013188874,-0.0073404860,-0.016397775
0.16018800,0.0015138459,-0.0082918382,-0.018886336
0.16100050,0.0014781119,-0.0064778758,-0.017753720
0.16200050,0.0000000,0.0000000,0.0000000
0.16312550,0.00062923144,-0.0029009862,-0.0070818602
0.16412550,0.0015203281,-0.0069341826,-0.017316656
0.16512550,0.00095767938,-0.0049429856,-0.0090262042
0.16612550,0.0083521768,-0.055829329,-0.19098089
0.16712550,0.00017636643,-0.0012992402,-0.0045168557
0.16812550,0.0000000,0.0000000,0.0000000
0.16912550,0.0000000,0.0000000,0.0000000
0.17012550,0.0000000,0.0000000,0.0000000
0.17112550,0.13205096,-0.32516775,-0.77682875
0.17212550,0.017370482,-0.043584342,-0.10544748
0.17312550,0.00099417471,-0.0019826999,-0.0039764267
0.17412550,0.0000000,0.0000000,0.0000000
0.17500050,0.0026730480,-0.010505968,-0.025835089
0.17600050,-0.00087404890,-0.0077095000,-0.017308526
0.17700050,0.0030438412,-0.0031524699,-0.015276666
0.17800050,0.0000000,0.0000000,0.0000000
0.17900050,0.0000000,0.0000000,0.0000000
0.18000050,0.0000000,0.0000000,0.0000000
0.18100050,0.0000000,0.0000000,0.0000000
0.18203175,-0.0093370407,0.0034088870,-0.037296255
0.18303175,-0.0089768411,0.0033578729,-0.033474181
0.18403175,-0.19704622,0.037369271,-0.48234882
0.18503175,-0.0019326647,0.00036395970,-0.0047511936
0.18603175,0.0000000,0.0000000,0.0000000
0.18703175,-0.079728765,0.10914631,-0.33058140
0.18809425,0.0000000,0.0000000,0.0000000
0.18921925,0.0000000,0.0000000,0.0000000
0.19021925,-0.11492597,0.13503473,-0.47652046
0.19121925,0.0000000,0.0000000,0.0000000
0.19221925,0.0000000,0.0000000,0.0000000
0.19321925,-0.00083204169,0.0010154496,-0.0037377052
0.19421925,0.0000000,0.0000000,0.0000000
0.19546925,-0.10151693,0.13255898,-0.50073373
0.19646925,-0.010015284,0.017820091,-0.048896975
0.19746925,0.0000000,0.0000000,0.0000000
0.19846925,0.0000000,0.0000000,0.0000000
0.19946925,-0.015911404,0.023594375,-0.081384995
0.20021925,-0.0034234305,0.0045431255,-0.017929037
0.20121925,-0.00013666478,0.00014459631,-0.00074459085
0.20221925,-0.010693101,0.011299615,-0.058377558
0.20321925,-0.0085565957,0.012850650,-0.046713593
0.20421925,-0.0030880827,0.0027299602,-0.016858975
0.20509425,-0.0031632821,0.0028856108,-0.017269517
0.20609425,-0.0037903010,0.0035805256,-0.020692643
0.20709425,-0.0036781233,0.0036798960,-0.020080224
0.20809425,-0.0047238338,0.0035533236,-0.025789141
0.20921925,-0.0011206969,0.00040378854,-0.0061182953
0.21009425,-0.0088046644,0.012603858,-0.056166046
0.21103175,-0.0030868230,0.0045819418,-0.019994542
0.21203175,-0.0040187166,0.0044281801,-0.023173464
0.21315675,-0.0033338413,0.0036859607,-0.019247331
0.21415675,-0.017879858,0.033679807,-0.083696093
0.21540675,-0.0041598405,0.0077897282,-0.021325430
0.21615675,-0.00048772642,0.00089474468,-0.0032477163
0.21703175,-0.0031990172,0.0058890848,-0.020480259
0.21803175,-0.0067821902,0.012703660,-0.034635604
0.21909425,-0.0029260770,0.0053663242,-0.019549912
0.22021925,-0.0028120993,0.0051633059,-0.018546438
0.22121925,-0.0028717186,0.0052777793,-0.018738190
0.22221925,-0.0025787230,0.0047439647,-0.016638594
0.22321925,-0.0031362127,0.0057756788,-0.019989206
0.22421925,-0.0030149777,0.0055579971,-0.018991719
0.22521925,-0.0029934242,0.0055235370,-0.018643770
0.22621925,-0.0030035019,0.0055473642,-0.018496010
0.22721925,-0.0030221103,0.0055869949,-0.018398874
0.22871925,-0.0030492223,0.0056450271,-0.018245633
0.22971925,-0.0030558599,0.0056624953,-0.018076901
0.23071925,-0.0031191218,0.0057849553,-0.018240433
0.23171925,-0.0023999434,0.0044550592,-0.013875945
0.23271925,-0.0027617892,0.0051311327,-0.015792110
0.23321925,-0.019502234,0.050710520,-0.19767276
0.23421925,-0.0017339890,0.0045627038,-0.017785703
0.23509425,-0.00099611234,0.0027434024,-0.010693953
0.23609425,-0.0017498307,0.0049069612,-0.019127640
0.23709425,-0.00058831415,0.0011191908,-0.0043626753
0.23809425,0.0012686382,0.0035600801,-0.018850780
0.23921925,0.0012545911,0.0036779723,-0.019256180
0.24021925,0.0012090545,0.0036970447,-0.019152867
0.24146925,-0.00014199986,0.0030354171,-0.011295580
0.24221925,-0.00029514512,0.0073703276,-0.027620727
0.24321925,-0.00023568990,0.0049942951,-0.018577066
0.24421925,-0.00027227603,0.0050570412,-0.018679192
0.24521925,-0.00030637006,0.0050916844,-0.018681336
0.24621925,-0.00033975015,0.0051169617,-0.018649704
0.24721925,-0.00037332610,0.0051344497,-0.018586898
0.24821925,-0.00039331568,0.0049581907,-0.017820765
0.24921925,-0.00024259756,0.0051983359,-0.019346652
0.25021925,-0.00047260227,0.0048676984,-0.017157967
0.25121925,-0.00015426208,0.0037599302,-0.018585518
0.25209425,-0.00016566585,0.0040312578,-0.019959446
0.25309425,-0.00016370251,0.0039757155,-0.019722903
0.25409425,-9.1593911e-06,0.00030104794,-0.0011035248
0.25509425,-0.0010101421,0.033210096,-0.12170208
0.25603175,-0.00015727723,0.0051713873,-0.018948784
0.25703175,-0.00017462997,0.0050359566,-0.021039445
0.25815675,-0.00062514194,0.017063717,-0.049356829
0.25915675,-0.0015295017,0.046985507,-0.17151694
0.26015675,0.0000000,0.0000000,0.0000000
0.26115675,-0.0023185485,0.078029370,-0.22409493
0.26215675,0.023001503,0.044388598,-0.16481412
0.26315675,0.0000000,0.0000000,0.0000000
0.26415675,0.0000000,0.0000000,0.0000000
0.26503175,0.0012716066,0.0017402778,-0.0098073511
0.26603175,0.0000000,0.0000000,0.0000000
0.26703175,8.6942277e-06,1.3235932e-05,-5.0720460e-05
0.26803175,0.0016948464,0.0025840267,-0.0098407054
0.26903175,0.0028634606,0.00021102943,-0.030256668
0.27009425,0.0000000,0.0000000,0.0000000
0.27121925,0.20092211,0.10140483,-1.1352081
0.27221925,0.00064314958,0.00032762513,-0.0035992333
0.27309425,0.0036822907,0.0018906152,-0.020437903
0.27409425,0.0000000,0.0000000,0.0000000
0.27509425,0.0000000,0.0000000,0.0000000
0.27609425,0.0000000,0.0000000,0.0000000
0.27734425,0.0000000,0.0000000,0.0000000
0.27834425,0.0000000,0.0000000,0.0000000
0.27909425,0.47229703,-0.99123780,-2.0874835
0.28009425,0.0000000,0.0000000,0.0000000
0.28121925,0.0000000,0.0000000,0.0000000
0.28221925,0.0000000,0.0000000,0.0000000
0.28321925,0.0000000,0.0000000,0.0000000
0.28421925,0.023254907,-0.068436801,-0.18174802
0.28521925,0.0000000,0.0000000,0.0000000
0.28621925,0.020353671,-0.061965544,-0.16738731
0.28721925,0.0019721291,-0.0061047531,-0.016623832
0.28809425,0.0020434691,-0.0064164254,-0.017590590
0.28909425,0.0015821684,-0.0050565596,-0.013976035
0.29009425,0.0019673870,-0.0063894980,-0.017788318
0.29121925,0.0021185451,-0.0069913277,-0.019601183
0.29221925,0.0018800715,-0.0062977978,-0.017770681
0.29321925,0.0018640041,-0.0063343882,-0.017982501
0.29421925,0.0018385756,-0.0063342952,-0.018084415
0.29521925,0.0018119762,-0.0063241363,-0.018150549
0.29621925,0.0017857800,-0.0063085677,-0.018193299
0.29721925,0.0017614856,-0.0062921404,-0.018224945
0.29821925,0.0017393474,-0.0062750372,-0.018245199
0.29921925,0.0016243877,-0.0069753922,-0.021524872
0.30021925,0.0037636964,-0.0093251075,-0.022371250
0.30121925,-0.00050445455,-0.0065101498,-0.015056116
0.30209425,-0.00056627593,-0.0075095885,-0.017453045
0.30309425,-0.00053770988,-0.0073767620,-0.017245880
0.30409425,-0.00071396761,-0.010871845,-0.025003314
0.30509425,-0.00061724527,-0.0091676821,-0.021099258
0.30621925,-0.00051178260,-0.0075596329,-0.017712543
0.30721925,-0.00065705692,-0.0093998753,-0.022019946
0.30809425,-0.00055385341,-0.0081081287,-0.018899388
0.30909425,-0.00029918329,-0.0041725617,-0.0095859904
0.31009425,-0.00046315598,-0.0063504117,-0.015167521
0.31109425,-0.00047565751,-0.0075795059,-0.018021339
0.31221925,-0.00043706292,-0.0073572358,-0.017765183
0.31321925,-0.00043900081,-0.0078780694,-0.019158192
0.31409425,-4.8316275e-05,-0.00087651321,-0.0021344227
0.31509425,-0.00055307520,-0.0075752341,-0.017704964
0.31621925,-0.00052635753,-0.0076548574,-0.018069127
0.31721925,-0.00047431441,-0.0075766788,-0.018140033
0.31821925,-0.00069873487,-0.0037721084,-0.0064990492
0.31921925,-0.010299678,-0.070970575,-0.13785888
0.32021925,-0.035627402,-0.24532240,-0.47639831
0.32121925,-0.00036791552,-0.0025331652,-0.0049190486
0.32203175,-0.0033318730,-0.0099185101,-0.027898362
0.32303175,0.0000000,0.0000000,0.0000000
0.32400050,-0.0030757703,-0.0027641731,-0.015179707
0.32506300,-0.0039107738,-0.0035067625,-0.019203831
0.32606300,-0.0041367462,-0.0037271054,-0.020532755
0.32706300,-0.0029855160,-0.0025129104,-0.012628040
0.32806300,-0.0045142239,-0.0038406875,-0.019602421
0.32918800,-0.0013980006,-0.0010821776,-0.0047431922
0.33003175,-0.00048124815,0.00013518275,-0.0031219933
0.33109425,-0.0040323979,0.0013683813,-0.019181116
0.33209425,-0.0041225777,0.0013987495,-0.019617007
0.33309425,-0.0041314210,0.0014020354,-0.019650637
0.33409425,-0.0041400959,0.0014056356,-0.019672464
0.33509425,-0.00091190890,0.027316180,-0.077634576
0.33609425,0.0000000,0.0000000,0.0000000
0.33709425,0.0000000,0.0000000,0.0000000
0.33834425,-0.00042871597,0.011478460,-0.036498364
0.33909425,-0.00013882449,0.0037055704,-0.011818703
0.34009425,-0.00020880501,0.0056810558,-0.017789071
0.34109425,-0.00024581759,0.0067363748,-0.021685647
0.34209425,-0.00020247301,0.0057171362,-0.018497277
0.34309425,-0.00026618598,0.0065055751,-0.020471384
0.34409425,-8.6751142e-06,0.00027441951,-0.00090869273
0.34509425,-9.2852304e-06,0.00029977461,-0.00099546882
0.34609425,-4.1569346e-05,0.0012491740,-0.0045649310
0.34709425,-0.00019568598,0.0064454870,-0.021527494
0.34809425,-0.00016098287,0.0052214026,-0.017451038
0.34903175,-0.00033828710,0.0069310796,-0.017286671
0.35003175,-0.00013752769,0.0067291342,-0.023031991
0.35115675,-0.00037370046,0.017108004,-0.045329485
0.35203175,-1.9277014e-05,0.00065171340,-0.0023224976
0.35303175,-0.00015561089,0.0053903496,-0.018748023
0.35409425,-0.00015681753,0.0053956604,-0.018893399
0.35521925,-0.00015739275,0.0053805089,-0.018962702
0.35621925,-0.00015772728,0.0053634806,-0.019003007
0.35721925,-0.00015797306,0.0053453353,-0.019032618
0.35846925,-0.00015820521,0.0053222012,-0.019060587
0.35946925,-0.00015836962,0.0053042981,-0.019080396
0.36046925,-0.00015849464,0.0052860378,-0.019095458
0.36146925,-0.00015859112,0.0052676713,-0.019107082
0.36246925,-0.00015866050,0.0052492127,-0.019115440
0.36396925,-0.00015870068,0.0052210874,-0.019120282
0.36496925,-0.00015869648,0.0052026768,-0.019119776
0.36596925,-0.00015864028,0.0051839209,-0.019113004
0.36696925,-0.00015174454,0.0049277048,-0.018282205
0.36796925,-0.00017796158,0.0057546339,-0.021440837
0.36896925,0.013030390,0.031005699,-0.10432543
0.36996925,0.016493680,0.039199366,-0.13188257
0.37096925,0.0026530509,0.0063077873,-0.021210140
0.37121925,0.0019099101,0.0045416431,-0.015267990
0.37209425,0.0022945790,0.0054604900,-0.018337196
0.37309425,0.0021702940,0.0049127190,-0.017702299
0.37409425,0.0058183347,0.013036247,-0.043798549
0.37503175,0.0024655638,0.0054723520,-0.018480285
0.37603175,0.0010839790,0.0017165016,-0.0088529700
0.37703175,0.0000000,0.0000000,0.0000000
0.37803175,0.0026823400,0.0053368471,-0.018224395
0.37909425,0.0027179884,0.0054147854,-0.018442903
0.38021925,0.0027231954,0.0054313808,-0.018457207
0.38121925,0.0027228799,0.0054359435,-0.018437521
0.38221925,0.0027181473,0.0054320438,-0.018386724
0.38346925,0.0027067351,0.0054177743,-0.018280675
0.38446925,0.018168322,0.025894328,-0.12754633
0.38521925,0.0020678604,0.0029499490,-0.014483456
0.38609425,0.0024010177,0.0032206332,-0.019315833
0.38709425,0.0036717159,0.0057107711,-0.019941922
0.38809425,0.0033470408,0.0052105634,-0.018120243
0.38909425,0.0019580775,0.0030508317,-0.010569381
0.39021925,0.0000000,0.0000000,0.0000000
0.39121925,0.0000000,0.0000000,0.0000000
0.39221925,0.0080839562,0.0041588234,-0.044774562
0.39321925,0.0024986612,0.0012867721,-0.013824195
0.39421925,0.010147665,0.0052323333,-0.056069900
0.39521925,0.0000000,0.0000000,0.0000000
0.39621925,0.0000000,0.0000000,0.0000000
0.39709425,9.7953143e-05,-0.00010051949,-0.00036091045
0.39809425,0.0000000,0.0000000,0.0000000
0.39909425,0.010333110,-0.010605410,-0.038293980
0.40009425,0.0037712308,-0.0038731086,-0.014327260
0.40109425,0.0048553610,-0.0049914622,-0.019140162
0.40209425,-0.00034818882,-0.0019722143,-0.011195966
0.40309425,0.00020799699,-0.0028955287,-0.014561688
0.40409425,-0.00015130236,-0.0073957036,-0.017421759
0.40509425,2.0359512e-05,-0.00016999921,-0.00042882679
0.40609425,0.0010372730,-0.0094322980,-0.023683271
0.40703175,-0.00046074759,-0.0022069883,-0.0056168535
0.40803175,-0.0015086830,-0.0070651604,-0.018052020
0.40915675,-0.022799818,-0.037237898,-0.10551089
0.41003175,-0.0036174522,-0.0058476249,-0.016704733
0.41103175,-0.0037395373,-0.0060591178,-0.017374427
0.41203175,-0.0037238575,-0.0060470336,-0.017401359
0.41303175,-0.012154696,-0.020645640,-0.046547249
0.41409425,-0.0042219270,-0.0071211923,-0.016168161
0.41509425,-0.0042571808,-0.0071288596,-0.016303168
0.41609425,-0.0042829050,-0.0071159168,-0.016401681
0.41709425,-0.0043078440,-0.0070975754,-0.016497187
0.41834425,-0.0043365308,-0.0070658761,-0.016607045
0.41934425,-0.0043624469,-0.0070427119,-0.016706292
0.42034425,-0.0043846661,-0.0070123642,-0.016791382
0.42134425,-0.0044024845,-0.0069751324,-0.016859619
0.42234425,-0.0044744980,-0.0070020932,-0.017135400
0.42334425,-0.0045038480,-0.0069620274,-0.017247798
0.42434425,-0.014396556,-0.0072479147,-0.047255059
0.42534425,-0.0069756905,-0.0033896947,-0.022734533
0.42609425,-0.0035850514,-0.0017422297,-0.011650026
0.42709425,-0.0056915776,-0.0027662606,-0.018421055
0.42821925,-0.0056667662,-0.0027546289,-0.018241768
0.42921925,-0.0034491929,-0.0016905496,-0.0078862471
0.43046925,-0.0063790307,-0.0031131379,-0.017691245
0.43146925,-0.0064053564,-0.0031257133,-0.017827324
0.43246925,-0.0064221626,-0.0031336121,-0.017944142
0.43346925,-0.0064115337,-0.0031281070,-0.017988293
0.43446925,-0.0063899725,-0.0031172674,-0.018001964
0.43546925,-0.0063590759,-0.0031018901,-0.017985520
0.43646925,-0.0037467783,-0.0018392672,-0.0079036290
0.43721925,-0.0093778385,-0.0045967751,-0.021343278
0.43821925,-0.0074001249,-0.0036271405,-0.016890858
0.43909425,-0.0027121310,-0.0022202382,-0.010697234
0.44009425,-0.0050030300,-0.0040677767,-0.019388100
0.44109425,-0.0082250128,-0.0065066236,-0.029635778
0.44221925,-0.0031120423,0.0043549840,-0.045393215
0.44303175,-0.0014380738,0.0019719891,-0.020320215
0.44403175,-0.0014747062,0.0019728282,-0.020036775
0.44503175,0.0015245111,0.0047255487,-0.045025508
0.44603175,-4.5594467e-05,0.00079717106,-0.0094747172
0.44703175,0.17909009,0.10665531,-0.82627405
0.44803175,0.00011308229,6.7866277e-05,-0.00051578561
0.44903175,0.0051961977,0.0031421713,-0.023430578
0.45003175,0.0044336238,0.0027002205,-0.019773183
0.45115675,0.0000000,0.0000000,0.0000000
0.45215675,0.097902188,0.043396308,-0.62175651
0.45315675,0.0019251049,0.00086774494,-0.012061459
0.45415675,0.0030856352,0.0047521004,-0.017334270
0.45503175,0.0032058503,0.0049487631,-0.017868861
0.45603175,0.0034574020,0.0053511597,-0.019098932
0.45703175,0.0034584593,0.0053664436,-0.018938077
0.45803175,0.0034643784,0.0053885730,-0.018812377
0.45903175,0.0036528550,0.0057549450,-0.018941621
0.46003175,0.0074788266,0.010684323,-0.052196046
0.46103175,0.0028020638,0.0040180273,-0.019373218
0.46215675,0.0028653430,0.0041267464,-0.019591114
0.46315675,0.0028962582,0.0041877348,-0.019601399
0.46415675,0.0029202826,0.0042390804,-0.019561129
0.46515675,0.0029424290,0.0042877215,-0.019508019
0.46615675,0.0029610819,0.0043310424,-0.019434548
0.46715675,0.0029783505,0.0043719124,-0.019357195
0.46815675,0.0029942956,0.0044102505,-0.019278441
0.46915675,0.0030090076,0.0044460480,-0.019200590
0.47015675,0.0030226897,0.0044794947,-0.019126297
0.47115675,0.0030370631,0.0045130484,-0.019067583
0.47215675,0.0030444755,0.0045352905,-0.018976987
0.47315675,0.0030543543,0.0045602118,-0.018913914
0.47415675,0.0030669159,0.0045881682,-0.018879308
0.47515675,0.0030796013,0.0046153709,-0.018856934
0.47615675,0.0030914227,0.0046403785,-0.018840262
0.47715675,0.0031023938,0.0046632661,-0.018828717
0.47815675,0.0031126239,0.0046842724,-0.018822046
0.47915675,0.0031221149,0.0047034960,-0.018819094
0.48015675,0.0031307638,0.0047208978,-0.018817826
0.48115675,0.0031383940,0.0047363463,-0.018815527
0.48215675,0.0031448007,0.0047496871,-0.018809084
0.48315675,0.0031497940,0.0047608061,-0.018795253
0.48415675,0.0031532014,0.0047696317,-0.018770694
0.48515675,0.0031547735,0.0047759894,-0.018731443
0.48615675,0.0017482760,0.00059952190,-0.013104005
0.48715675,0.0031610121,0.0012846565,-0.021403861
0.48840675,0.0030610439,0.0012381746,-0.020793735
0.48915675,0.0029119682,0.0011791596,-0.019766400
0.49015675,0.0029424093,0.0011922338,-0.019964506
0.49115675,0.0029496009,0.0011952931,-0.020011645
0.49215675,0.0021296380,0.00086310339,-0.014447544
0.49315675,0.0031822014,0.0012985990,-0.021486526
0.49415675,0.0028898896,0.0012068834,-0.019198297
0.49515675,0.0029350453,0.0012197431,-0.019566702
0.49615675,0.0034288829,-0.0035345254,-0.014856692
0.49715675,0.0011127144,-0.0011452449,-0.0045748232
0.49803175,0.00033333604,-0.00034988626,-0.0023274879
0.49903175,0.0029631584,-0.0031049286,-0.019937403
0.50003175,0.0029609085,-0.0030997628,-0.019527342
0.50103175,0.0030039478,-0.0031426217,-0.019501972
0.50228175,0.0031291571,-0.0032713693,-0.019999557
0.50328175,0.0030454680,-0.0031822551,-0.019236617
0.50428175,0.0030985098,-0.0032360163,-0.019337799
0.50528175,0.0031321319,-0.0032694638,-0.019313239
0.50628175,0.0030445452,-0.0031766000,-0.018571125
0.50778175,0.0030779703,-0.0032162836,-0.019451248
0.50828175,0.0029800170,-0.0031168058,-0.019236851
0.50903175,-0.00051877405,-0.0024265778,-0.014011019
0.51009425,-0.00072428626,-0.0033520013,-0.019374396
0.51121925,-0.090128711,-0.14287585,-0.58632477
0.51221925,-0.00013603514,-0.0013637419,-0.0077671369
0.51321925,-0.0021475251,-0.0062778477,-0.017739419
0.51409425,-0.0067565233,-0.0055820255,-0.027279473
0.51503175,-0.00011915166,-0.00010801614,-0.00059962242
0.51603175,-0.0038828384,-0.0034962358,-0.019246425
0.51715675,-0.010456341,-0.0051066955,-0.028137156
0.51803175,-0.0065963913,-0.0032221361,-0.017617617
0.51903175,-0.0066268920,-0.0032376987,-0.017545286
0.52003175,-0.0066663783,-0.0032576559,-0.017495721
0.52103175,-0.0066883805,-0.0032690642,-0.017401382
0.52228175,-0.0067110634,-0.0032809490,-0.017275539
0.52328175,-0.0067178573,-0.0032848835,-0.017151016
0.52428175,-0.0067234830,-0.0032882224,-0.017029191
0.52528175,-0.0067270214,-0.0032905146,-0.016908030
0.52628175,-0.0067275881,-0.0032913278,-0.016785306
0.52728175,-0.014523289,-0.0071038069,-0.036559792
0.52803175,-0.0067639995,-0.0033067249,-0.017435853
0.52909425,-0.0067344323,-0.0032896638,-0.017963387
0.53009425,-0.0066618400,-0.0032516700,-0.018356610
0.53109425,-0.0073234501,-0.0035684794,-0.021598430
0.53209425,-0.0079163100,-0.0038759023,-0.019052121
0.53309425,-0.0069490766,-0.0034027481,-0.016628718
0.53409425,-0.0068756880,-0.0033671921,-0.016365037
0.53509425,-0.0069148489,-0.0033867350,-0.016373736
0.53609425,-0.0069231645,-0.0033911677,-0.016310077
0.53709425,-0.0061089906,-0.0052676506,-0.028741755
0.53809425,0.0000000,0.0000000,0.0000000
0.53921925,-0.12625389,-0.10023809,-0.45938337
0.54000050,-0.0049491096,0.0018359376,-0.018908702
0.54100050,-0.0050030693,0.0018461688,-0.019404610
0.54200050,-0.00062088185,0.0010332177,-0.011721900
0.54300050,-7.3084364e-05,7.0656266e-05,-0.00055325777
0.54400050,-0.00020804642,0.00019190694,-0.0014252868
0.54506300,0.00091367621,0.0017124393,-0.014508447
0.54606300,0.0012596383,0.0022772053,-0.019035514
0.54706300,-0.00036473868,0.00058951946,-0.0089191597
0.54806300,0.0031702020,0.0021556799,-0.011572801
0.54931300,0.0065288606,0.0031289456,-0.038783325
0.55031300,0.0071996534,0.0033261700,-0.044185389
0.55131300,0.0032641972,0.0014834978,-0.020312698
0.55231300,0.0028958228,0.0013452849,-0.017687211
0.55331300,0.0033226098,0.0015735201,-0.019952121
0.55431300,0.0033814902,0.0016282029,-0.020000004
0.55506300,0.011950578,0.018849397,-0.059361862
0.55600050,0.0034295029,0.0054568749,-0.017126146
0.55700050,0.0035032661,0.0055562080,-0.017714798
0.55800050,0.0034952076,0.0055246884,-0.017902933
0.55900050,0.0034783413,0.0054785649,-0.018054279
0.56000050,0.0034583039,0.0054267864,-0.018197232
0.56100050,0.0034356952,0.0053703269,-0.018334546
0.56200050,0.0034148918,0.0053160510,-0.018489292
0.56300050,0.0033915432,0.0052572071,-0.018637657
0.56400050,0.0033664655,0.0051951613,-0.018782891
0.56500050,0.0033396164,0.0051299720,-0.018923248
0.56650050,0.0032973937,0.0050287897,-0.019127678
0.56750050,0.0032822459,0.0049810639,-0.019340577
0.56850050,0.0032525498,0.0049114040,-0.019465991
0.56950050,0.0032081360,0.0048201333,-0.019495830
0.57050050,0.0035715787,0.0058471976,-0.015829334
0.57100050,0.0023401924,0.0037502158,-0.011361429
0.57200050,0.0038458250,0.0061416484,-0.018932295
0.57300050,0.0037796552,0.0014382286,-0.026708994
0.57400050,0.0028960572,0.0010418257,-0.021151489
0.57512550,0.0027515383,0.00092268073,-0.020862044
0.57600050,0.0036013848,0.0017794134,-0.020783493
0.57700050,0.0034600456,0.0016913454,-0.020175821
0.57800050,0.0034284424,0.0016559602,-0.020218963
0.57900050,0.0033857091,0.0016153028,-0.020195282
0.58000050,0.0029040929,0.0013450556,-0.017784165
0.58100050,0.0037843092,0.0019508246,-0.020914826
0.58212550,0.0036978880,0.0018483973,-0.021097409
0.58312550,0.0036069014,0.0017488218,-0.021195385
0.58412550,0.0032761550,0.0015276559,-0.019945384
0.58512550,0.0033435102,0.0015182326,-0.020821207
0.58612550,0.0000000,0.0000000,0.0000000
0.58712550,0.012890085,0.0080257436,-0.055488256
0.58812550,0.0042570516,0.0026148370,-0.018732981
0.58912550,0.10782511,-0.11108967,-0.45910209
0.59012550,0.0000000,0.0000000,0.0000000
0.59112550,0.0060399225,-0.0062122679,-0.024237247
0.59206300,0.0045863195,-0.0047138730,-0.017938095
0.59306300,0.0046718488,-0.0047984565,-0.017805069
0.59418800,0.00012739485,-0.0017140499,-0.0086088689
0.59518800,0.00038803947,-0.0049469164,-0.024792924
0.59643800,0.00032845784,-0.0038965238,-0.019469076
0.59743800,0.00035100837,-0.0039112662,-0.019487162
0.59843800,-0.011581418,-0.030147687,-0.14600635
0.59943800,-0.024613231,-0.019340963,-0.086707591
0.60018800,-0.0076899114,-0.0060187588,-0.026908601
0.60106300,-0.0049255711,-0.0038753228,-0.017485208
0.60206300,-0.0048914033,-0.0038650854,-0.017569958
0.60306300,-0.00029701752,-0.00026392164,-0.0014286479
0.60406300,-0.0056280599,-0.0049437373,-0.026362758
0.60531300,-0.092228991,-0.045168742,-0.21906418
0.60631300,-0.0097005573,-0.0047521343,-0.022733107
0.60706300,-0.0073362243,-0.0035946185,-0.017023287
0.60806300,-0.0072867986,-0.0035713308,-0.016693168
0.60906300,-0.0073026917,-0.0035800048,-0.016524670
0.61006300,-0.0077465653,-0.0037999851,-0.016977864
0.61106300,-0.0073738515,-0.0036175537,-0.016068590
0.61206300,-0.0073786786,-0.0036202398,-0.016005467
0.61306300,-0.0074418607,-0.0036516366,-0.016050455
0.61406300,-0.0077027786,-0.0037791240,-0.016738765
0.61556300,-0.0087785118,-0.0043051574,-0.019479685
0.61656300,-0.0075350164,-0.0036942974,-0.016957766
0.61706300,-0.0075351998,-0.0036938598,-0.017080359
0.61800050,-0.0039427738,-0.0034623934,-0.018456546
0.61900050,-0.0040947052,-0.0036291569,-0.019580494
0.62000050,-0.0023453417,-0.0039773894,-0.034718440
0.62100050,0.0000000,0.0000000,0.0000000
0.62200050,-0.0073731797,0.0027880553,-0.026604547
0.62300050,-0.0061273919,0.0023115935,-0.022268867
0.62403175,-0.0016291954,0.0020635706,-0.020255680
0.62503175,-0.0015944942,0.0020497105,-0.020312289
0.62615675,-0.0015590999,0.0020376205,-0.020403224
0.62703175,0.00034806880,0.0017778183,-0.018531691
0.62809425,0.00043087272,0.0020055997,-0.020685301
0.62921925,0.00047764064,0.0020321274,-0.020721628
0.63021925,0.0049348810,0.0029039774,-0.023166813
0.63121925,0.0043430400,0.0025751985,-0.020166025
0.63246925,0.0043000404,0.0025738725,-0.019690648
0.63346925,0.0043310364,0.0026112583,-0.019617759
0.63446925,0.0043490937,0.0026399825,-0.019496081
0.63546925,0.0043596936,0.0026628344,-0.019356320
0.63646925,0.0043236455,0.0026751089,-0.018805097
0.63746925,0.0043137636,0.0026672929,-0.018781532
0.63821925,0.0036104019,0.0013371760,-0.025931019
0.63921925,0.0031381085,0.0012148134,-0.021939308
0.64009425,0.0028920840,0.0011413392,-0.019971001
0.64109425,0.0029532133,0.0011920714,-0.020089601
0.64209425,0.0030062632,0.0012414024,-0.020132024
0.64309425,0.0030541440,0.0012899371,-0.020124565
0.64434425,0.0031122856,0.0013510885,-0.020090232
0.64534425,0.0031569754,0.0013997624,-0.020044785
0.64634425,0.0032002427,0.0014479732,-0.019988394
0.64734425,0.0032417560,0.0014953117,-0.019921944
0.64834425,0.0066633475,0.010252448,-0.037549993
0.64903175,0.0032424031,0.0049755727,-0.018434337
0.65003175,0.0032304440,0.0049384343,-0.018595815
0.65115675,0.0028643474,0.0043440897,-0.016912080
0.65203175,0.0030101302,0.0044499102,-0.019180841
0.65303175,0.0072984211,0.0040633768,-0.042953489
0.65409425,0.0032467838,0.0015049493,-0.019869360
0.65509425,0.0032080675,0.0014535492,-0.020014046
0.65609425,0.0031608240,0.0013998760,-0.020087390
0.65709425,0.0027375561,0.0011643505,-0.017945785
0.65809425,0.0049242500,0.0026151010,-0.026340799
0.65921925,0.0036561575,0.0019578730,-0.019372579
0.66021925,0.0036999317,0.0019936339,-0.019463987
0.66121925,0.0037289105,0.0020198764,-0.019495201
0.66246925,0.0037569739,0.0020465088,-0.019511524
0.66346925,0.0037755523,0.0020647087,-0.019515842
0.66446925,0.0037905882,0.0020804677,-0.019507594
0.66546925,0.0038023067,0.0020942878,-0.019483621
0.66646925,0.0038108212,0.0021066289,-0.019439970
0.66796925,0.0038234940,0.0021266605,-0.019356027
0.66896925,0.0038213845,0.0021358094,-0.019227601
0.66921925,0.0016874092,0.0011674882,-0.0059308148
0.67021925,0.0047543121,0.0029703957,-0.020349394
0.67121925,0.0015842926,0.011676221,-0.12576527
0.67203175,0.00028371356,0.0019418683,-0.020799097
0.67303175,0.00030162750,0.0018915884,-0.020114616
0.67403175,0.00033010896,0.0018984925,-0.020029841
0.67503175,0.00010408190,0.0016912951,-0.018941548
0.67603175,-0.0019964073,0.0022118649,-0.019683001
0.67709425,-0.0021081968,0.0022214125,-0.018931349
0.67809425,-0.0014429056,-0.0010861355,-0.0045142547
0.67909425,0.0000000,0.0000000,0.0000000
0.68009425,-0.010375501,-0.0081142480,-0.036225890
0.68109425,-0.0051806755,-0.0039930902,-0.017364087
0.68209425,-0.0044714183,-0.0034464595,-0.014987374
0.68309425,-0.0054137177,-0.0041694171,-0.018104398
0.68409425,-0.0053381483,-0.0041078483,-0.017809984
0.68509425,-0.0052249180,-0.0040463349,-0.017749351
0.68609425,-0.0051283379,-0.0040215948,-0.018040866
0.68709425,-0.0052490350,-0.0041621694,-0.019033950
0.68809425,-0.0049214704,-0.0039414411,-0.018329040
0.68959425,-0.0048783142,-0.0039630096,-0.018863134
0.69059425,-0.0049106551,-0.0040271202,-0.019456565
0.69159425,-0.0050036392,-0.0041427450,-0.020312331
0.69259425,-0.0060612908,-0.0050785085,-0.025349642
0.69359425,-0.0079759224,-0.0067559459,-0.034263728
0.69459425,-0.0039635874,-0.0033934729,-0.017474588
0.69509425,-0.0040574681,-0.0034936926,-0.018134111
0.69609425,-0.0042507682,-0.0037196777,-0.019735095
0.69709425,-0.00043665265,-0.00035086634,-0.0016406575
0.69809425,-0.0070696772,-0.0056318644,-0.025958208
0.69909425,-0.0036904313,-0.0028372593,-0.012280094
0.70009425,-0.0085843724,-0.019057723,-0.088511069
0.70109425,-0.0018716112,-0.0043495798,-0.020463652
0.70221925,-0.0017332096,-0.0042581967,-0.020330681
0.70309425,0.0043445568,-0.0091226934,-0.036256020
0.70409425,0.00036633476,-0.0040222413,-0.020026076
0.70503175,0.00047670607,-0.0041246423,-0.020272369
0.70603175,0.00057080249,0.0017563260,-0.016996507
0.70709425,0.00077438558,0.0021805361,-0.020722046
0.70809425,0.00085187179,0.0022253078,-0.020791706
0.70909425,0.00092663152,0.0022637184,-0.020803616
0.71009425,0.00099526937,0.0022914646,-0.020727669
0.71109425,0.0081582972,0.0052262971,-0.033445752
0.71203175,0.0047707737,0.0030756523,-0.019336497
0.71303175,0.0047894759,0.0031071530,-0.019190502
0.71415675,0.0044037347,0.0028949314,-0.017211139
0.71515675,0.0045208325,0.0023440760,-0.024830579
0.71640675,0.0038476540,0.0020241002,-0.020801543
0.71715675,0.0036732240,0.0019512845,-0.019642414
0.71815675,0.0037603388,0.0020237580,-0.019809431
0.71915675,0.0038208611,0.0020830516,-0.019823446
0.72015675,0.0038744490,0.0021391753,-0.019794520
0.72115675,0.0039244129,0.0021936061,-0.019743565
0.72215675,0.0039725275,0.0022470722,-0.019682520
0.72315675,0.0040189601,0.0022994593,-0.019614596
0.72415675,0.0040636450,0.0023505556,-0.019541460
0.72565675,0.0041299032,0.0024259282,-0.019437491
0.72665675,0.0041614687,0.0024680448,-0.019317132
0.72765675,0.0041925209,0.0025091599,-0.019202344
0.72865675,0.0042269517,0.0025516150,-0.019110810
0.72965675,0.0042627614,0.0025942639,-0.019032794
0.73065675,0.0042976474,0.0026357522,-0.018957480
0.73165675,0.0043307177,0.0026755731,-0.018880476
0.73265675,0.0043617307,0.0027136280,-0.018800148
0.73315675,0.0016511125,0.0049324156,-0.047927443
0.73415675,0.00074603808,0.0022419831,-0.021595843
0.73503175,0.00079703752,0.0023321110,-0.022342620
0.73603175,0.00083537682,0.0023285417,-0.022079872
0.73703175,0.00080349867,0.0021418146,-0.020106420
0.73803175,-0.010865553,0.012324518,-0.11145842
0.73903175,-0.0019035313,0.0021976841,-0.020206144
0.74015675,-0.0017974578,0.0021303003,-0.019973465
0.74115675,-0.0017299255,0.0021031978,-0.020081536
0.74215675,-0.0016553191,0.0020692416,-0.020135816
0.74340675,-0.032502529,0.012083509,-0.12340230
0.74415675,-0.0039173984,0.0014501320,-0.015058074
0.74503175,-0.0048810411,0.0017975484,-0.019037647
0.74603175,-0.0048311519,0.0017683929,-0.019162325
0.74703175,-0.0047952106,0.0017443061,-0.019343418
0.74803175,-0.0047384764,0.0017127042,-0.019439198
0.74903175,-0.0039208779,0.0014925295,-0.013854246
0.75003175,-0.0053244601,0.0020178757,-0.019078573
0.75115675,-0.0077490733,-0.0060394635,-0.026798726
0.75203175,-0.0055850794,-0.0043468220,-0.019239812
0.75303175,-0.0051483060,-0.0040063092,-0.017728063
0.75403175,-0.0055126008,-0.0042890593,-0.018973383
0.75503175,-0.0053035830,-0.0041201761,-0.018176519
0.75628175,-0.0053168838,-0.0041280406,-0.018191550
0.75728175,-0.0049607929,-0.0038515683,-0.016973164
0.75828175,-0.0042364793,-0.016064484,-0.083599874
0.75909425,-0.00093514056,-0.0037429960,-0.019634331
0.76009425,-0.0029024451,-0.0049665476,-0.021072392
0.76109425,-0.0020266710,-0.0034587023,-0.014658595
0.76209425,-0.0025838246,-0.0044560016,-0.018966931
0.76309425,0.00042128500,-0.0025682789,-0.012298332
0.76409425,0.0011897986,-0.0044786971,-0.020259373
0.76521925,0.0012716693,-0.0044535179,-0.019914494
0.76621925,0.0013627878,-0.0045018440,-0.019928927
0.76721925,2.4076651e-05,-0.00019191236,-0.00093829169
0.76821925,0.0026542104,-0.018344808,-0.088770837
0.76921925,0.00073164889,-0.0044689818,-0.021403636
0.77021925,0.00076093418,-0.0041711315,-0.019773554
0.77121925,0.0019400588,0.0041479590,-0.043460284
0.77221925,0.0028858702,0.0019336757,-0.010861821
0.77309425,0.0055328268,0.0037059353,-0.020839617
0.77409425,0.0049388006,0.0033059838,-0.018625779
0.77509425,0.0049140481,0.0032864429,-0.018566330
0.77609425,0.0048985825,0.0032721236,-0.018553253
0.77709425,0.0048831315,0.0032567399,-0.018552485
0.77809425,0.0048668141,0.0032396472,-0.018561330
0.77909425,0.0048497562,0.0032208986,-0.018580615
0.78009425,0.0048315883,0.0032002366,-0.018609066
0.78109425,0.0045944064,0.0030327135,-0.017814459
0.78209425,0.0057346050,0.0037743088,-0.022361384
0.78309425,0.0047781841,0.0031308923,-0.018790898
0.78421925,0.0046945747,0.0030599550,-0.018646345
0.78521925,0.0047350586,0.0030714617,-0.018976892
0.78621925,0.00076522437,0.021425596,-0.24315125
0.78709425,-5.8121218e-06,0.00048640680,-0.0056540004
0.78809425,-0.00012864307,0.0017986547,-0.021526653
0.78909425,-0.00019099730,0.0016809454,-0.020526776
0.79009425,-0.00018646776,0.0016464936,-0.020102517
0.79109425,0.0018424773,0.0027043061,-0.020603309
0.79221925,0.0017101635,0.0026184434,-0.020375608
0.79321925,0.0016042607,0.0025462063,-0.020152763
0.79421925,0.0015420964,0.0025403756,-0.020444543
0.79546925,-0.0022354416,0.0023902367,-0.020637498
0.79609425,-0.0021722750,0.0023384271,-0.020309469
0.79709425,-0.0020776192,0.0022615463,-0.019830186
0.79809425,-0.0020490669,0.0022563249,-0.019977034
0.79909425,-0.0050521365,-0.0042621444,-0.020986906
0.80034425,-0.0048548137,-0.0039103243,-0.018356417
0.80134425,-0.0046517380,-0.0037613748,-0.017769528
0.80234425,-0.0032163306,-0.0027828327,-0.013107097
0.80334425,-0.0021942444,-0.0057248756,-0.027877956
0.80409425,-0.0015089793,-0.0038796118,-0.018733345
0.80509425,-0.0015154548,-0.0039488792,-0.019129156
0.80609425,-0.0014531640,-0.0039520166,-0.019334662
0.80709425,-0.0013705715,-0.0039272742,-0.019433893
0.80809425,-0.0012734844,-0.0038952801,-0.019533098
0.80909425,-0.0013606512,-0.0036287621,-0.018322584
0.81009425,-0.0029970433,-0.0041008600,-0.019896264
0.81109425,-0.0019804929,-0.0038364129,-0.019232732
0.81209425,-0.0011987383,-0.0038077198,-0.019551433
0.81309425,-0.0011473816,-0.0038711481,-0.019766398
0.81409425,-0.0011237198,-0.0035716646,-0.018042082
0.81509425,-0.0011986628,-0.0036879163,-0.018514325
0.81609425,-0.00081364349,0.0011141578,-0.011471484
0.81721925,-0.0015918628,0.0021943813,-0.022679879
0.81821925,-0.0013989633,0.0019369490,-0.020069084
0.81921925,-0.0013938167,0.0019351163,-0.020081095
0.82046925,-0.0042368078,0.0040562349,-0.031427490
0.82146925,-0.0026280612,0.0025160914,-0.019494866
0.82246925,-0.0026367422,0.0025257526,-0.019581156
0.82346925,-0.0018631460,0.0023592978,-0.018965200
0.82403175,0.00096893110,0.0027030011,-0.025635134
0.82503175,0.00062723966,0.0020359123,-0.019901055
0.82603175,0.00050685987,0.0019860573,-0.020020474
0.82703175,0.00038481557,0.0019284633,-0.020060087
0.82803175,0.00024348759,0.0018755999,-0.020265773
0.82928175,0.00025926220,0.0019697514,-0.021262553
0.83003175,0.00052219882,0.0035629676,-0.038153021
0.83103175,0.00031168094,0.0018915685,-0.020056303
0.83203175,0.00035141698,0.0019275003,-0.020241920
0.83303175,0.00038866734,0.0019520239,-0.020310076
0.83403175,0.00042407063,0.0019715722,-0.020331413
0.83503175,0.011575986,0.0077713909,-0.043399576
0.83609425,0.0049146052,0.0032823255,-0.018619652
0.83709425,0.0049133335,0.0032642027,-0.018811876
0.83821925,0.0048888394,0.0032271803,-0.018954787
0.83921925,0.0048590356,0.0031879917,-0.019061841
0.84046925,0.0034768070,0.0027526551,-0.019096999
0.84146925,0.00061335256,0.0019363011,-0.018830282
0.84203175,0.00066636520,0.0020534917,-0.019878137
0.84303175,0.00033014799,-0.0032399090,-0.016039514
0.84403175,0.00045268088,-0.0040077124,-0.019725081
0.84503175,0.00049864549,-0.0040213351,-0.019676257
0.84603175,0.00054458108,-0.0040354668,-0.019630165
0.84728175,0.00060104147,-0.0040512776,-0.019565380
0.84828175,0.00064472617,-0.0040606252,-0.019500203
0.84928175,0.00062075788,-0.0036450784,-0.017395066
0.85028175,0.0030876921,-0.017298275,-0.082181119
0.85103175,0.00059323878,-0.0031902316,-0.015094187
0.85203175,0.00070687422,-0.0036146965,-0.017011975
0.85315675,0.00085790573,-0.0041610713,-0.019468155
0.85415675,0.00090052508,-0.0041801903,-0.019456728
0.85540675,0.00095337946,-0.0042049473,-0.019448016
0.85640675,0.00099481982,-0.0042233136,-0.019435737
0.85740675,0.014085004,0.027802424,-0.24041043
0.85815675,0.0010433948,0.0020328979,-0.017461891
0.85903175,0.0012282280,0.0023463749,-0.020016239
0.86003175,0.0014644044,0.0028701937,-0.024704449
0.86109425,0.0010338662,0.0022801426,-0.020373851
0.86209425,0.00070061242,0.0018236728,-0.017024721
0.86309425,0.0014166759,0.0025463946,-0.021238708
0.86421925,0.0013211144,0.0023768527,-0.019831760
0.86521925,0.0013394615,0.0023997164,-0.019989950
0.86621925,0.0013478836,0.0024099437,-0.020059467
0.86721925,0.0013508158,0.0024144193,-0.020094241
0.86821925,-0.0036553017,0.0040153973,-0.035480588
0.86909425,-0.0020726339,0.0022744738,-0.020080267
0.87009425,-0.0020478968,0.0022455234,-0.019811344
0.87109425,-0.0020621964,0.0022604037,-0.019936716
0.87209425,-0.0020691066,0.0022682606,-0.020008104
0.87334425,-0.0020685935,0.0022696299,-0.020034472
0.87434425,-0.0020654460,0.0022689853,-0.020049541
0.87534425,-0.0020601930,0.0022671123,-0.020061761
0.87634425,-0.0020531934,0.0022643330,-0.020073446
0.87734425,-0.0020446214,0.0022607333,-0.020084577
0.87834425,-0.0020346410,0.0022563531,-0.020094470
0.87934425,-0.0020233484,0.0022510680,-0.020100327
0.88034425,-0.066611937,-0.049638574,-0.20447367
0.88134425,-0.0084844285,-0.0063066398,-0.025554662
0.88209425,-0.0051106285,-0.0037914980,-0.015302202
0.88309425,-0.0058270206,-0.0043255614,-0.017479191
0.88403175,-0.0011044725,-0.0021941410,-0.0098422933
0.88503175,-0.0017357151,-0.0034896396,-0.015716105
0.88615675,-0.0021195602,-0.0043189604,-0.019536948
0.88715675,-0.0020850750,-0.0042986896,-0.019518796
0.88815675,-0.0020557305,-0.0042861702,-0.019531701
0.88915675,0.0048104036,-0.011448566,-0.048234430
0.89015675,0.0020719876,0.0052231623,-0.051538729
0.89103175,0.0010168417,0.0022138148,-0.019705794
0.89209425,0.00073665155,0.0016474305,-0.014780030
0.89321925,0.00097380856,0.0022398256,-0.020254971
0.89421925,0.00094544766,0.0022247079,-0.020244141
0.89521925,0.00092048113,0.0022136616,-0.020260745
0.89646925,0.00088940098,0.0021989768,-0.020270628
0.89746925,0.00086302357,0.0021857700,-0.020270419
0.89846925,0.00083393538,0.0021705634,-0.020262764
0.89946925,0.00080100349,0.0021529682,-0.020249715
0.90046925,0.00076312954,0.0021325577,-0.020232689
0.90196925,0.00069472060,0.0020961021,-0.020206677
0.90296925,0.00063961447,0.0020662230,-0.020179799
0.90396925,0.018030753,0.011988733,-0.069842634
0.90496925,0.031858977,0.021065956,-0.12311756
0.90596925,0.0045866195,0.0030262376,-0.017799504
0.90621925,0.0036042567,0.0023767706,-0.014002113
0.90721925,-0.00012024176,-0.0060219089,-0.031891067
0.90803175,-6.1242706e-05,-0.0038047325,-0.020006671
0.90903175,-2.8556433e-05,-0.0037795584,-0.019790101
0.91003175,5.1489257e-06,-0.0038015442,-0.019816878
0.91103175,2.9656309e-05,-0.0042080365,-0.021873376
0.91203175,0.00015719033,-0.0039554849,-0.020223338
0.91303175,0.00027710308,-0.0039114293,-0.019680771
0.91403175,1.1101937e-05,-0.00046990309,-0.0024222381
0.91503175,0.0046648819,0.0029804640,-0.019214399
0.91609425,0.0045537185,0.0029000878,-0.018863206
0.91709425,0.0045618286,0.0028966566,-0.018994860
0.91809425,0.00048013904,-0.0042473511,-0.021910265
0.91903175,0.00039416775,-0.0039430286,-0.019540278
0.92003175,0.00071786974,0.0021693834,-0.023719416
0.92109425,0.00066253555,0.0020799359,-0.020205825
0.92209425,0.00070750990,0.0021097982,-0.020291045
0.92309425,0.00074938248,0.0021324951,-0.020311389
0.92409425,0.00078933547,0.0021520094,-0.020306048
0.92509425,0.00082809446,0.0021703831,-0.020294426
0.92609425,0.00086597934,0.0021882371,-0.020281849
0.92709425,0.00090305430,0.0022054566,-0.020266620
0.92809425,0.0019185231,-0.0087178725,-0.043192832
0.92909425,0.00090936820,-0.0041621575,-0.019339598
0.93021925,0.00097081242,-0.0041964566,-0.019358257
0.93121925,0.0011993641,0.0020032775,-0.022740517
0.93221925,0.0012114133,0.0025179874,-0.022096366
0.93321925,0.0011367060,0.0022960142,-0.019963091
0.93421925,0.0011884967,0.0023354010,-0.020118984
0.93521925,0.0016885922,-0.0026290124,-0.026599479
0.93621925,0.0012848426,-0.0024846301,-0.019287340
0.93721925,-0.029510664,-0.046513825,-0.19037426
0.93809425,-0.00077136733,-0.0012374329,-0.0051057563
0.93909425,-0.0026262548,-0.0042217642,-0.017863123
0.94003175,-0.0015247977,0.0016521321,-0.014429579
0.94103175,-0.0020607343,0.0022608902,-0.019956463
0.94203175,-0.0020253865,0.0022490708,-0.020051411
0.94303175,-0.0019877826,0.0022329391,-0.020094717
0.94403175,-0.0019510110,0.0022157032,-0.020113366
0.94503175,-0.0019168229,0.0021991596,-0.020122293
0.94603175,-0.0018859183,0.0021839324,-0.020125942
0.94703175,-0.0018582880,0.0021698230,-0.020121170
0.94803175,-0.0018342613,0.0021569923,-0.020107915
0.94903175,-0.0018141435,0.0021455496,-0.020085472
0.95003175,-0.0049797172,-0.0091746988,-0.040314384
0.95109425,-0.0023331088,-0.0043529515,-0.019100654
0.95209425,-0.0023221428,-0.0043714234,-0.019244251
0.95309425,-0.0020471321,-0.0034691994,-0.017515039
0.95409425,-0.0015113520,0.0018075233,-0.017058723
0.95509425,-0.0018074619,0.0022175386,-0.021307161
0.95609425,-0.0017557223,0.0021642380,-0.020862292
0.95709425,-0.0016729708,0.0020726756,-0.020048371
0.95809425,-0.0016699859,0.0020792060,-0.020178485
0.95934425,-0.0016573635,0.0020752603,-0.020216848
0.96034425,0.00011485338,0.0021318544,-0.020193895
0.96134425,0.00095115918,0.0024915234,-0.023294190
0.96209425,0.00078233387,0.0019366756,-0.018759915
0.96303175,0.00099172797,-0.0042191705,-0.019495314
0.96403175,0.0010320156,-0.0042676813,-0.019570162
0.96503175,0.0010743862,-0.0043060696,-0.019659899
0.96603175,0.0011147205,-0.0043326668,-0.019693441
0.96703175,0.0010145327,-0.0037325044,-0.017465924
0.96803175,0.00076818211,0.0022766953,-0.021869004
0.96903175,0.00066920211,0.0020741855,-0.020100864
0.97015675,0.00062165648,0.0020550850,-0.020154852
0.97115675,0.00056666905,0.0020244342,-0.020118372
0.97215675,0.00052354166,0.0019535705,-0.019548712
0.97315675,0.0020396328,-0.0040843906,-0.036514552
0.97403175,0.0012431063,-0.0027985466,-0.019918774
0.97503175,0.0015684651,-0.0019870562,-0.021716694
0.97603175,0.00061022305,0.0021962183,-0.021851701
0.97703175,0.00059044916,0.0020353513,-0.020107129
0.97828175,0.00063131356,0.0020668338,-0.020234816
0.97928175,0.00066467967,0.0020923626,-0.020337027
0.98028175,0.00069557894,0.0021093784,-0.020355124
0.98128175,0.00072547281,0.0021234925,-0.020345501
0.98228175,0.00075500659,0.0021371948,-0.020333201
0.98328175,0.00043963229,-0.0048311501,-0.027777561
0.98428175,0.00080258183,-0.0096867030,-0.048436256
0.98503175,0.00014765329,-0.0015899324,-0.0079085869
0.98603175,0.00042675901,-0.0040161785,-0.019836852
0.98715675,0.00057721963,-0.0022103960,-0.019037115
0.98815675,0.0010161126,0.0024151945,-0.022036944
0.98903175,0.00095542528,0.0022218510,-0.020153484
0.99003175,0.00098805048,0.0022455389,-0.020238706
0.99103175,0.0010161548,0.0022616150,-0.020262092
0.99203175,0.00092152998,0.0015511739,-0.018336393
0.99328175,0.00081594840,-0.0038235806,-0.019514369
0.99403175,0.00089349752,-0.0031842523,-0.019947391
0.99503175,0.0010781217,6.2768106e-05,-0.020910586
0.99603175,0.0011176206,0.0012582624,-0.020561373
0.99703175,0.0011300003,0.0010964928,-0.020447505
0.99803175,0.0011427584,0.00024109993,-0.020555531
0.99903175,0.0011556877,-0.00053646605,-0.020556423
1.0000000,0.0011743710,-0.00059641249,-0.020493026
