X:Pos_TX-Body1-complex_contact(mm),Y:Pos_TX-Body1-complex_contact(mm),Y:Pos_TY-Body1-complex_contact(mm),Y:Pos_TZ-Body1-complex_contact(mm)
0.0000000,50.000000,50.000000,30.000000
0.0010130000,50.000000,50.000000,29.994968
0.0020370000,50.000000,50.000000,29.979654
0.0030610000,50.000000,50.000000,29.954057
0.0040850000,50.000000,50.000000,29.918177
0.0051090000,50.000000,50.000000,29.872014
0.0060050000,50.008192,50.002737,29.859821
0.0070290000,50.024640,50.008160,29.866993
0.0080530000,50.041162,50.013607,29.864201
0.0090770000,50.057686,50.019055,29.851135
0.010101000,50.076358,50.025264,29.837961
0.011125000,50.099271,50.032967,29.834518
0.012149000,50.123668,50.041201,29.827892
0.013045000,50.146940,50.049102,29.822994
0.014069000,50.175340,50.058794,29.816614
0.015093000,50.205762,50.069236,29.810017
0.016117000,50.238158,50.080423,29.803107
0.017397000,50.281071,50.095235,29.791108
0.018421000,50.317793,50.107733,29.778620
0.019445000,50.357392,50.120867,29.765852
0.020213000,50.389135,50.130706,29.756815
0.021109000,50.428002,50.142215,29.745470
0.022133000,50.474868,50.155682,29.731773
0.023029000,50.518050,50.167853,29.719418
0.024053000,50.569792,50.182214,29.704569
0.025077000,50.624062,50.197055,29.688861
0.026101000,50.680861,50.212367,29.672277
0.027125000,50.740497,50.227938,29.655757
0.028149000,50.802711,50.243568,29.638165
0.029045000,50.859596,50.257278,29.624636
0.030069000,50.926551,50.273125,29.611602
0.031093000,50.993626,50.288982,29.588942
0.032117000,51.064070,50.304751,29.576055
0.033141000,51.136254,50.320472,29.563297
0.034165000,51.209012,50.336140,29.543747
0.035189000,51.283981,50.351288,29.528324
0.036213000,51.360405,50.366056,29.511691
0.037109000,51.429224,50.378152,29.499393
0.038133000,51.509788,50.391204,29.486774
0.039029000,51.581715,50.401959,29.476601
0.040053000,51.664935,50.413673,29.461466
0.041077000,51.749777,50.424606,29.444630
0.042101000,51.836836,50.434830,29.429995
0.043253000,51.936917,50.445006,29.420099
0.044021000,52.004353,50.450924,29.417352
0.045173000,52.106042,50.459002,29.412538
0.046069000,52.185588,50.464589,29.408337
0.047093000,52.277018,50.470159,29.403013
0.048117000,52.369020,50.474795,29.395918
0.049013000,52.450084,50.477916,29.388788
0.050037000,52.543532,50.480083,29.379419
0.051061000,52.638018,50.480423,29.369680
0.052085000,52.733528,50.478954,29.359412
0.053109000,52.830067,50.475672,29.348602
0.054133000,52.927644,50.470556,29.337315
0.055157000,53.026257,50.463610,29.325469
0.056181000,53.125461,50.452877,29.319747
0.057077000,53.212366,50.440761,29.317268
0.058101000,53.311690,50.424803,29.313067
0.059125000,53.411018,50.406358,29.308279
0.060149000,53.510350,50.385436,29.302840
0.061429000,53.634520,50.355787,29.295115
0.062453000,53.733860,50.329262,29.288183
0.063477000,53.833018,50.300294,29.281103
0.064245000,53.907104,50.277109,29.275836
0.065013000,53.981038,50.252790,29.269388
0.066037000,54.077468,50.215460,29.270652
0.067317000,54.196400,50.165217,29.271441
0.068341000,54.290516,50.122605,29.270057
0.069109000,54.360465,50.089128,29.268329
0.070133000,54.453146,50.042796,29.264672
0.071029000,54.533728,50.000701,29.260196
0.072053000,54.625331,49.950734,29.254855
0.073077000,54.716375,49.898853,29.248545
0.074229000,54.818403,49.838383,29.240915
0.075253000,54.908611,49.782621,29.233705
0.076021000,54.976033,49.739600,29.228196
0.077045000,55.065632,49.680661,29.220658
0.078069000,55.154864,49.619910,29.212870
0.079093000,55.241700,49.555814,29.211294
0.080117000,55.325717,49.488491,29.214774
0.081141000,55.408047,49.419481,29.217044
0.082037000,55.478429,49.357804,29.220214
0.083061000,55.557717,49.286258,29.220908
0.084085000,55.635765,49.213343,29.218397
0.085109000,55.711282,49.137998,29.218041
0.086005000,55.775836,49.070780,29.218007
0.087029000,55.848010,48.992170,29.216022
0.088053000,55.917738,48.911635,29.215386
0.089205000,55.993474,48.819071,29.215135
0.090229000,56.058469,48.735012,29.214702
0.091253000,56.121166,48.649224,29.214262
0.092021000,56.166337,48.583666,29.215224
0.093173000,56.231929,48.483934,29.215213
0.094197000,56.287986,48.393826,29.214100
0.095221000,56.342341,48.302532,29.210700
0.096117000,56.386929,48.221355,29.213036
0.097013000,56.429285,48.139763,29.218280
0.098037000,56.475654,48.046074,29.223502
0.099061000,56.519552,47.951860,29.229240
0.10008500,56.561155,47.857201,29.234957
0.10110900,56.600661,47.762161,29.239924
0.10200500,56.633504,47.678613,29.243250
0.10302900,56.669214,47.582664,29.244965
0.10405300,56.702759,47.486098,29.244978
0.10507700,56.734282,47.388818,29.241967
0.10610100,56.760986,47.292228,29.244346
0.10712500,56.776488,47.202401,29.271832
0.10802100,56.789659,47.124044,29.288682
0.10904500,56.804708,47.034496,29.298313
0.11006900,56.818347,46.945609,29.303696
0.11109300,56.827994,46.858586,29.315952
0.11211700,56.835768,46.772421,29.326120
0.11339700,56.842525,46.666042,29.337525
0.11442100,56.845786,46.581924,29.344435
0.11544500,56.847972,46.498158,29.346894
0.11608500,56.848464,46.446088,29.348788
0.11710900,56.842852,46.369899,29.369723
0.11813300,56.834617,46.296755,29.390155
0.11915700,56.824093,46.226285,29.408831
0.12018100,56.811314,46.158454,29.425740
0.12120500,56.796305,46.093238,29.440925
0.12222900,56.779087,46.030619,29.454436
0.12325300,56.759681,45.970578,29.466333
0.12427700,56.738108,45.913097,29.476682
0.12530100,56.714393,45.858157,29.485557
0.12681300,56.675515,45.781628,29.496152
0.12781300,56.647310,45.733991,29.501638
0.12881300,56.617147,45.688705,29.506016
0.12981300,56.585049,45.645750,29.509387
0.13081300,56.551044,45.605104,29.511848
0.13181300,56.515159,45.566742,29.513499
0.13281300,56.477428,45.530637,29.514435
0.13381300,56.437883,45.496758,29.514746
0.13431300,56.417513,45.480915,29.514964
0.13506300,56.386033,45.459485,29.518018
0.13606300,56.343450,45.432748,29.519272
0.13706300,56.300138,45.409248,29.520919
0.13806300,56.255995,45.388312,29.520512
0.13906300,56.210607,45.370218,29.518654
0.14006300,56.163907,45.355267,29.516186
0.14106300,56.115835,45.343735,29.513676
0.14206300,56.066532,45.335458,29.510859
0.14300050,56.019333,45.330554,29.507718
0.14400050,55.968019,45.328501,29.504301
0.14500050,55.915958,45.329249,29.499577
0.14600050,55.863551,45.331061,29.488160
0.14700050,55.809635,45.336449,29.476805
0.14812550,55.747396,45.346186,29.462368
0.14912550,55.690713,45.357997,29.447760
0.15000050,55.639832,45.371393,29.435269
0.15100050,55.580497,45.390446,29.421547
0.15206300,55.516249,45.415155,29.410376
0.15306300,55.455570,45.439190,29.392580
0.15406300,55.393843,45.466340,29.373836
0.15506300,55.330782,45.497471,29.356693
0.15618800,55.258623,45.536195,29.336598
0.15718800,55.194005,45.572100,29.312811
0.15818800,55.128869,45.610524,29.285333
0.15918800,55.062699,45.654419,29.260628
0.16018800,54.995860,45.702003,29.234401
0.16100050,54.940868,45.743838,29.214354
0.16200050,54.872447,45.798481,29.189879
0.16312550,54.795216,45.861030,29.153906
0.16412550,54.725658,45.921132,29.122143
0.16512550,54.655133,45.985756,29.091665
0.16612550,54.584184,46.052469,29.056635
0.16712550,54.512328,46.125267,29.032398
0.16812550,54.440073,46.201152,29.009151
0.16912550,54.367749,46.278078,28.980005
0.17012550,54.295418,46.355105,28.941430
0.17112550,54.222651,46.433198,28.895580
0.17212550,54.148406,46.514944,28.848677
0.17312550,54.072473,46.600895,28.802090
0.17412550,53.995874,46.688453,28.749484
0.17500050,53.928245,46.767270,28.700792
0.17600050,53.849719,46.866646,28.658164
0.17700050,53.770666,46.970647,28.618448
0.17800050,53.692227,47.081016,28.605691
0.17900050,53.614622,47.193033,28.593808
0.18000050,53.537020,47.305057,28.572159
0.18100050,53.459418,47.417081,28.540703
0.18203175,53.395050,47.526962,28.562762
0.18303175,53.336057,47.632267,28.587997
0.18403175,53.279355,47.736760,28.612062
0.18503175,53.228392,47.840219,28.641185
0.18603175,53.180000,47.943210,28.666949
0.18703175,53.132943,48.045118,28.687606
0.18809425,53.091249,48.140334,28.733552
0.18921925,53.047481,48.240597,28.771704
0.19021925,53.009419,48.328841,28.798698
0.19121925,52.975550,48.412328,28.833275
0.19221925,52.942589,48.494755,28.861809
0.19321925,52.912069,48.573897,28.891267
0.19421925,52.883167,48.650855,28.918028
0.19546925,52.847838,48.745674,28.942019
0.19646925,52.822817,48.816471,28.967466
0.19746925,52.799720,48.884188,28.992885
0.19846925,52.777104,48.951134,29.010942
0.19946925,52.756455,49.015307,29.029360
0.20021925,52.742476,49.061242,29.044474
0.20121925,52.724914,49.121039,29.061667
0.20221925,52.708352,49.179672,29.074470
0.20321925,52.693821,49.235959,29.088545
0.20421925,52.680500,49.290723,29.099410
0.20509425,52.670152,49.337371,29.108020
0.20609425,52.660232,49.388921,29.119079
0.20709425,52.652052,49.438819,29.129829
0.20809425,52.645380,49.487233,29.139007
0.20921925,52.639629,49.540336,29.147190
0.21009425,52.636368,49.580521,29.151947
0.21103175,52.634976,49.620702,29.161970
0.21203175,52.634742,49.661747,29.171183
0.21315675,52.636168,49.705987,29.179709
0.21415675,52.639505,49.742574,29.188324
0.21540675,52.646981,49.782356,29.201703
0.21615675,52.652684,49.803950,29.208583
0.21703175,52.660059,49.827807,29.213770
0.21803175,52.669873,49.852518,29.219281
0.21909425,52.681822,49.875955,29.223354
0.22021925,52.696152,49.897689,29.226762
0.22121925,52.710350,49.914328,29.229002
0.22221925,52.725909,49.928465,29.230319
0.22321925,52.742844,49.940073,29.230689
0.22421925,52.761180,49.949098,29.230187
0.22521925,52.780935,49.955508,29.228812
0.22621925,52.802113,49.959293,29.226493
0.22721925,52.824719,49.960439,29.223164
0.22871925,52.861327,49.957167,29.216158
0.22971925,52.887545,49.951630,29.210078
0.23071925,52.915231,49.943375,29.202860
0.23171925,52.944386,49.932394,29.194430
0.23271925,52.975008,49.918687,29.184681
0.23321925,52.990713,49.910729,29.180063
0.23421925,53.022883,49.892475,29.172450
0.23509425,53.051768,49.874414,29.165838
0.23609425,53.085551,49.851629,29.157429
0.23709425,53.120141,49.826532,29.148230
0.23809425,53.155033,49.798901,29.140251
0.23921925,53.193306,49.764581,29.136379
0.24021925,53.226703,49.732251,29.132070
0.24146925,53.267726,49.689400,29.125237
0.24221925,53.292212,49.662577,29.118627
0.24321925,53.324918,49.624884,29.108529
0.24421925,53.357736,49.584791,29.097565
0.24521925,53.390684,49.542293,29.085670
0.24621925,53.423778,49.497376,29.072842
0.24721925,53.457034,49.450028,29.059065
0.24821925,53.490467,49.400250,29.044280
0.24921925,53.524081,49.348033,29.028498
0.25021925,53.557897,49.293378,29.011643
0.25121925,53.591902,49.236015,28.996931
0.25209425,53.621749,49.183776,28.986303
0.25309425,53.655930,49.122368,28.973419
0.25409425,53.690187,49.059136,28.959853
0.25509425,53.724487,48.994763,28.941722
0.25603175,53.756715,48.932044,28.924579
0.25703175,53.791164,48.862771,28.905493
0.25815675,53.829979,48.782828,28.879616
0.25915675,53.864574,48.708940,28.854928
0.26015675,53.899296,48.631431,28.833305
0.26115675,53.934058,48.552824,28.806495
0.26215675,53.969229,48.471441,28.781226
0.26315675,54.002183,48.384244,28.765499
0.26415675,54.034643,48.295973,28.743372
0.26503175,54.061383,48.216383,28.728104
0.26603175,54.090225,48.123047,28.714398
0.26703175,54.119023,48.029652,28.691227
0.26803175,54.145829,47.933224,28.669855
0.26903175,54.170347,47.834293,28.653939
0.27009425,54.193295,47.728493,28.654535
0.27121925,54.217421,47.616421,28.644501
0.27221925,54.236369,47.515540,28.639239
0.27309425,54.251697,47.426633,28.633614
0.27409425,54.263652,47.328838,28.645370
0.27509425,54.269212,47.237309,28.677814
0.27609425,54.274264,47.146287,28.702865
0.27734425,54.280539,47.032550,28.720580
0.27834425,54.285555,46.941563,28.723734
0.27909425,54.289135,46.873706,28.720472
0.28009425,54.282278,46.807686,28.759121
0.28121925,54.272559,46.737629,28.799772
0.28221925,54.263912,46.675375,28.825526
0.28321925,54.255264,46.613121,28.841476
0.28421925,54.246118,46.552318,28.851447
0.28521925,54.234181,46.499651,28.873101
0.28621925,54.221738,46.448469,28.888884
0.28721925,54.208161,46.400759,28.904260
0.28809425,54.195384,46.361783,28.917197
0.28909425,54.179843,46.320190,28.930884
0.29009425,54.163272,46.281888,28.943856
0.29121925,54.143512,46.242429,28.956842
0.29221925,54.124961,46.210607,28.967080
0.29321925,54.105515,46.181787,28.975982
0.29421925,54.085184,46.155974,28.983619
0.29521925,54.063980,46.133169,28.990039
0.29621925,54.041915,46.113369,28.995273
0.29721925,54.019002,46.096566,28.999343
0.29821925,53.995251,46.082752,29.002265
0.29921925,53.970713,46.071886,29.004068
0.30021925,53.945386,46.063610,29.003308
0.30121925,53.919428,46.059716,29.003148
0.30209425,53.896988,46.060079,29.003693
0.30309425,53.871582,46.063698,29.002569
0.30409425,53.846431,46.070857,28.999878
0.30509425,53.821526,46.081724,28.995895
0.30621925,53.793811,46.098448,28.990055
0.30721925,53.769417,46.116882,28.982633
0.30809425,53.748284,46.136066,28.975178
0.30909425,53.724343,46.161087,28.964675
0.31009425,53.700652,46.189655,28.952534
0.31109425,53.677229,46.222069,28.939603
0.31221925,53.651137,46.262668,28.923165
0.31321925,53.628164,46.302517,28.907209
0.31409425,53.608233,46.340427,28.892593
0.31509425,53.585600,46.386611,28.873725
0.31621925,53.560384,46.442585,28.850424
0.31721925,53.538234,46.496185,28.828372
0.31821925,53.516315,46.553380,28.805087
0.31921925,53.494582,46.612588,28.776486
0.32021925,53.473325,46.675113,28.744564
0.32121925,53.452803,46.742692,28.712658
0.32203175,53.436995,46.800905,28.687701
0.32303175,53.419366,46.877730,28.663061
0.32400050,53.404708,46.954761,28.642225
0.32506300,53.392832,47.042996,28.629108
0.32606300,53.383407,47.127614,28.615263
0.32706300,53.375795,47.213862,28.600585
0.32806300,53.370030,47.301707,28.584440
0.32918800,53.366041,47.402664,28.565467
0.33003175,53.369333,47.477180,28.567567
0.33109425,53.376660,47.569874,28.572712
0.33209425,53.385585,47.656426,28.577081
0.33309425,53.396469,47.742314,28.580966
0.33409425,53.409316,47.827535,28.584381
0.33509425,53.423803,47.907250,28.599120
0.33609425,53.438858,47.978107,28.630028
0.33709425,53.453977,48.047823,28.654425
0.33834425,53.472958,48.132827,28.677901
0.33909425,53.484455,48.180937,28.693821
0.34009425,53.499861,48.243015,28.713070
0.34109425,53.515372,48.302188,28.731570
0.34209425,53.530980,48.358677,28.748875
0.34309425,53.546685,48.412459,28.765120
0.34409425,53.562499,48.462870,28.781295
0.34509425,53.578404,48.510055,28.796180
0.34609425,53.594393,48.553987,28.809862
0.34709425,53.610459,48.594986,28.822325
0.34809425,53.626603,48.633393,28.833614
0.34903175,53.641886,48.665863,28.845245
0.35003175,53.658300,48.697898,28.855098
0.35115675,53.676830,48.730869,28.864762
0.35203175,53.691310,48.753287,28.872663
0.35303175,53.707914,48.776653,28.879348
0.35409425,53.725639,48.798621,28.885634
0.35521925,53.744499,48.818728,28.891268
0.35621925,53.761342,48.833883,28.895428
0.35721925,53.778260,48.846491,28.898811
0.35846925,53.799514,48.858679,28.901969
0.35946925,53.816601,48.865585,28.903651
0.36046925,53.833764,48.869970,28.904593
0.36146925,53.851001,48.871844,28.904802
0.36246925,53.868315,48.871214,28.904282
0.36396925,53.894426,48.865597,28.902147
0.36496925,53.911927,48.858752,28.899821
0.36596925,53.929505,48.849435,28.896773
0.36696925,53.947157,48.837671,28.892952
0.36796925,53.964885,48.823442,28.888469
0.36896925,53.981555,48.806386,28.883837
0.36996925,53.997037,48.786349,28.879499
0.37096925,54.011341,48.763434,28.875071
0.37121925,54.014742,48.757278,28.873873
0.37209425,54.026138,48.734525,28.868909
0.37309425,54.038147,48.706105,28.862176
0.37409425,54.049228,48.675377,28.852859
0.37503175,54.058354,48.643604,28.844667
0.37603175,54.066851,48.607076,28.835810
0.37703175,54.073955,48.568186,28.828327
0.37803175,54.080285,48.527904,28.816809
0.37909425,54.085501,48.482103,28.804081
0.38021925,54.089436,48.430443,28.789318
0.38121925,54.091559,48.381782,28.775092
0.38221925,54.092388,48.330538,28.759819
0.38346925,54.091609,48.262855,28.739213
0.38446925,54.089078,48.205485,28.724875
0.38521925,54.086002,48.160706,28.715914
0.38609425,54.081514,48.107163,28.704787
0.38709425,54.075789,48.045122,28.687118
0.38809425,54.068723,47.980999,28.666950
0.38909425,54.059845,47.914056,28.646791
0.39021925,54.046192,47.835626,28.632847
0.39121925,54.030889,47.764255,28.627677
0.39221925,54.015343,47.692761,28.614039
0.39321925,53.997457,47.620062,28.603556
0.39421925,53.977708,47.546402,28.593582
0.39521925,53.956397,47.471975,28.582867
0.39621925,53.934380,47.397260,28.567113
0.39709425,53.909390,47.337677,28.566626
0.39809425,53.875661,47.274878,28.575964
0.39909425,53.840761,47.213281,28.579873
0.40009425,53.802694,47.154935,28.585764
0.40109425,53.762621,47.098651,28.589495
0.40209425,53.721346,47.045447,28.598040
0.40309425,53.680232,46.994467,28.609012
0.40409425,53.639169,46.947097,28.621989
0.40509425,53.598243,46.905730,28.639432
0.40609425,53.557185,46.866530,28.652380
0.40703175,53.518927,46.834216,28.666814
0.40803175,53.478842,46.803477,28.682192
0.40915675,53.434810,46.772974,28.698307
0.41003175,53.402788,46.752832,28.712760
0.41103175,53.367758,46.732319,28.727277
0.41203175,53.334522,46.714712,28.740322
0.41303175,53.303232,46.700295,28.752316
0.41409425,53.272760,46.689662,28.765230
0.41509425,53.246137,46.683122,28.775142
0.41609425,53.221536,46.679968,28.782994
0.41709425,53.198970,46.680194,28.788833
0.41834425,53.173644,46.685218,28.793371
0.41934425,53.155701,46.693015,28.794849
0.42034425,53.139831,46.704158,28.794458
0.42134425,53.126044,46.718632,28.792237
0.42234425,53.114323,46.736378,28.788123
0.42334425,53.104728,46.757448,28.782340
0.42434425,53.097606,46.780819,28.775414
0.42534425,53.094479,46.806751,28.771932
0.42609425,53.094211,46.827324,28.769679
0.42709425,53.095922,46.855774,28.764816
0.42821925,53.101090,46.889358,28.758120
0.42921925,53.108491,46.920575,28.750787
0.43046925,53.121506,46.961431,28.738732
0.43146925,53.135323,46.995778,28.727517
0.43246925,53.152184,47.031609,28.714969
0.43346925,53.172093,47.068928,28.701134
0.43446925,53.195046,47.107733,28.686035
0.43546925,53.221035,47.148018,28.669679
0.43646925,53.249841,47.189677,28.651346
0.43721925,53.272870,47.221620,28.634691
0.43821925,53.306363,47.265575,28.610297
0.43909425,53.339000,47.306112,28.590770
0.44009425,53.379140,47.354749,28.570394
0.44109425,53.420852,47.404785,28.547779
0.44221925,53.474497,47.459227,28.536129
0.44303175,53.516128,47.496792,28.536463
0.44403175,53.568025,47.542182,28.536646
0.44503175,53.620582,47.586612,28.536737
0.44603175,53.672873,47.629322,28.543556
0.44703175,53.724249,47.670855,28.551245
0.44803175,53.771672,47.710030,28.567390
0.44903175,53.817314,47.748140,28.581838
0.45003175,53.860768,47.784928,28.596343
0.45115675,53.907310,47.824879,28.611310
0.45215675,53.947945,47.859954,28.617591
0.45315675,53.986711,47.894193,28.625823
0.45415675,54.022810,47.925377,28.639973
0.45503175,54.052853,47.950441,28.653085
0.45603175,54.085768,47.976899,28.666795
0.45703175,54.117037,48.000810,28.679791
0.45803175,54.146662,48.022169,28.691982
0.45903175,54.174630,48.040948,28.703318
0.46003175,54.201472,48.057988,28.711101
0.46103175,54.227061,48.073223,28.717659
0.46215675,54.254205,48.088006,28.724654
0.46315675,54.276888,48.099065,28.730338
0.46415675,54.298196,48.108135,28.735527
0.46515675,54.318115,48.115190,28.740202
0.46615675,54.336636,48.120206,28.744336
0.46715675,54.353750,48.123165,28.747896
0.46815675,54.369449,48.124046,28.750848
0.46915675,54.383725,48.122832,28.753153
0.47015675,54.396571,48.119506,28.754776
0.47115675,54.407979,48.114047,28.755677
0.47215675,54.417944,48.106442,28.755830
0.47315675,54.426460,48.096679,28.755205
0.47415675,54.433523,48.084747,28.753778
0.47515675,54.439126,48.070632,28.751529
0.47615675,54.443266,48.054323,28.748444
0.47715675,54.445936,48.035809,28.744510
0.47815675,54.447132,48.015080,28.739720
0.47915675,54.446849,47.992126,28.734070
0.48015675,54.445084,47.966938,28.727558
0.48115675,54.441830,47.939507,28.720182
0.48215675,54.437087,47.909827,28.711939
0.48315675,54.430849,47.877891,28.702825
0.48415675,54.423115,47.843693,28.692831
0.48515675,54.413885,47.807231,28.681942
0.48615675,54.402408,47.769309,28.677179
0.48715675,54.389529,47.730946,28.673673
0.48840675,54.371653,47.682303,28.667931
0.48915675,54.359856,47.652686,28.664417
0.49015675,54.342910,47.612702,28.659413
0.49115675,54.324566,47.572153,28.654085
0.49215675,54.304836,47.531042,28.648360
0.49315675,54.283679,47.489353,28.642511
0.49415675,54.261100,47.447083,28.636448
0.49515675,54.237141,47.404238,28.629765
0.49615675,54.210321,47.363190,28.627683
0.49715675,54.180149,47.325481,28.630554
0.49803175,54.152123,47.294155,28.631790
0.49903175,54.118622,47.259879,28.631873
0.50003175,54.083722,47.227070,28.631524
0.50103175,54.047413,47.195735,28.630664
0.50228175,54.000013,47.158674,28.628855
0.50328175,53.960463,47.130730,28.626806
0.50428175,53.919457,47.104306,28.624143
0.50528175,53.876978,47.079420,28.620860
0.50628175,53.833017,47.056082,28.616913
0.50778175,53.764300,47.023973,28.609767
0.50828175,53.740664,47.014033,28.607071
0.50903175,53.705170,47.000877,28.608626
0.51009425,53.655223,46.984100,28.612144
0.51121925,53.602289,46.968267,28.614345
0.51221925,53.554640,46.956275,28.618906
0.51321925,53.508498,46.948739,28.624620
0.51409425,53.469941,46.945732,28.632361
0.51503175,53.430753,46.944596,28.641408
0.51603175,53.390495,46.944695,28.648222
0.51715675,53.349047,46.947341,28.658145
0.51803175,53.320975,46.951454,28.668627
0.51903175,53.291605,46.957479,28.678656
0.52003175,53.265381,46.965042,28.687210
0.52103175,53.242325,46.974153,28.694268
0.52228175,53.217974,46.987726,28.700919
0.52328175,53.202080,47.000337,28.704440
0.52428175,53.189377,47.014509,28.706302
0.52528175,53.179869,47.030243,28.706450
0.52628175,53.173557,47.047541,28.704826
0.52728175,53.170592,47.066477,28.701757
0.52803175,53.170759,47.081847,28.699059
0.52909425,53.174189,47.105183,28.694041
0.53009425,53.180718,47.128758,28.688004
0.53109425,53.190394,47.153869,28.680854
0.53209425,53.202832,47.180328,28.671709
0.53309425,53.218197,47.208218,28.659978
0.53409425,53.236856,47.237722,28.646338
0.53509425,53.258797,47.268833,28.630703
0.53609425,53.284023,47.301552,28.613042
0.53709425,53.312358,47.335889,28.593497
0.53809425,53.344296,47.373140,28.580158
0.53921925,53.381477,47.416134,28.559290
0.54000050,53.410578,47.446759,28.549707
0.54100050,53.451465,47.485007,28.542537
0.54200050,53.494351,47.521888,28.540472
0.54300050,53.537895,47.557641,28.541416
0.54400050,53.581875,47.592594,28.541966
0.54506300,53.628553,47.628543,28.543767
0.54606300,53.671450,47.660627,28.550246
0.54706300,53.713728,47.691589,28.556321
0.54806300,53.752700,47.720036,28.569322
0.54931300,53.798978,47.753971,28.581935
0.55031300,53.834440,47.780311,28.589658
0.55131300,53.868253,47.805873,28.597503
0.55231300,53.900462,47.830694,28.605397
0.55331300,53.931097,47.854780,28.613075
0.55431300,53.960146,47.878116,28.620464
0.55506300,53.980879,47.895058,28.625652
0.55600050,54.004526,47.912962,28.635854
0.55700050,54.028081,47.929408,28.645564
0.55800050,54.049974,47.943216,28.653880
0.55900050,54.070206,47.954401,28.660896
0.56000050,54.088785,47.962982,28.666684
0.56100050,54.105723,47.968988,28.671314
0.56200050,54.121028,47.972442,28.674854
0.56300050,54.134711,47.973372,28.677372
0.56400050,54.146783,47.971804,28.678939
0.56500050,54.157255,47.967768,28.679624
0.56650050,54.169998,47.957165,28.679147
0.56750050,54.176539,47.947115,28.677911
0.56850050,54.181531,47.934716,28.676002
0.56950050,54.184989,47.920001,28.673464
0.57050050,54.186816,47.902712,28.669537
0.57100050,54.187218,47.893258,28.666508
0.57200050,54.186872,47.872513,28.658732
0.57300050,54.184448,47.849380,28.652963
0.57400050,54.179931,47.825262,28.651817
0.57512550,54.173265,47.797550,28.650367
0.57600050,54.167042,47.775625,28.648260
0.57700050,54.158655,47.749956,28.644236
0.57800050,54.148624,47.723484,28.639999
0.57900050,54.136964,47.696226,28.635559
0.58000050,54.123702,47.668203,28.630876
0.58100050,54.108946,47.639437,28.624945
0.58212550,54.090234,47.605989,28.618257
0.58312550,54.071733,47.575324,28.612537
0.58412550,54.051523,47.543830,28.607059
0.58512550,54.029652,47.511561,28.601879
0.58612550,54.006863,47.478870,28.592553
0.58712550,53.982749,47.445389,28.579530
0.58812550,53.955778,47.410138,28.569094
0.58912550,53.926246,47.374491,28.559967
0.59012550,53.891948,47.343013,28.561119
0.59112550,53.855957,47.313233,28.559461
0.59206300,53.820084,47.287503,28.557558
0.59306300,53.779706,47.262229,28.554289
0.59418800,53.732915,47.237936,28.558203
0.59518800,53.691148,47.218505,28.562117
0.59643800,53.638737,47.196765,28.565986
0.59743800,53.596631,47.181471,28.568531
0.59843800,53.554770,47.168270,28.571577
0.59943800,53.514107,47.157574,28.576835
0.60018800,53.486233,47.151942,28.585242
0.60106300,53.455837,47.147129,28.596010
0.60206300,53.423065,47.143185,28.606150
0.60306300,53.392623,47.141065,28.614631
0.60406300,53.363957,47.140382,28.620126
0.60531300,53.331526,47.142164,28.626957
0.60631300,53.310675,47.146269,28.634548
0.60706300,53.297593,47.150620,28.639939
0.60806300,53.282945,47.157795,28.645046
0.60906300,53.271744,47.166660,28.648247
0.61006300,53.264003,47.177221,28.649414
0.61106300,53.259799,47.189517,28.648563
0.61206300,53.259113,47.203539,28.645582
0.61306300,53.261942,47.219285,28.640422
0.61406300,53.268326,47.236775,28.633141
0.61556300,53.284724,47.266358,28.618757
0.61656300,53.300191,47.288304,28.606977
0.61706300,53.309276,47.299939,28.600436
0.61800050,53.328876,47.323590,28.590915
0.61900050,53.352053,47.350697,28.581166
0.62000050,53.377131,47.379514,28.571033
0.62100050,53.403099,47.409278,28.557305
0.62200050,53.431993,47.440135,28.544306
0.62300050,53.465782,47.470528,28.538945
0.62403175,53.502827,47.500562,28.536484
0.62503175,53.539830,47.528401,28.536735
0.62615675,53.582363,47.558556,28.536835
0.62703175,53.615662,47.580960,28.539103
0.62809425,53.655910,47.607128,28.542557
0.62921925,53.698273,47.633663,28.546236
0.63021925,53.734317,47.655709,28.552966
0.63121925,53.767642,47.676138,28.562864
0.63246925,53.806553,47.700042,28.574192
0.63346925,53.835392,47.717795,28.582711
0.63446925,53.862176,47.734309,28.590731
0.63546925,53.886896,47.749569,28.598204
0.63646925,53.909546,47.763565,28.605046
0.63746925,53.930101,47.776269,28.611239
0.63821925,53.944514,47.785212,28.614215
0.63921925,53.962584,47.796667,28.617373
0.64009425,53.977237,47.806242,28.620157
0.64109425,53.992694,47.816673,28.623051
0.64209425,54.006747,47.826538,28.625681
0.64309425,54.019372,47.835813,28.628067
0.64434425,54.033108,47.846540,28.630704
0.64534425,54.042434,47.854401,28.632519
0.64634425,54.050260,47.861596,28.634050
0.64734425,54.056566,47.868103,28.635271
0.64834425,54.061157,47.872820,28.636769
0.64903175,54.063261,47.874567,28.638110
0.65003175,54.065041,47.875148,28.639073
0.65115675,54.065215,47.873005,28.638970
0.65203175,54.064038,47.869354,28.638130
0.65303175,54.061329,47.863089,28.635376
0.65409425,54.056167,47.854500,28.634369
0.65509425,54.049690,47.845656,28.633194
0.65609425,54.041690,47.836123,28.631718
0.65709425,54.032193,47.825927,28.629950
0.65809425,54.021392,47.815234,28.627581
0.65921925,54.007303,47.802224,28.624126
0.66021925,53.992933,47.789672,28.620425
0.66121925,53.976805,47.776172,28.616162
0.66246925,53.954152,47.757947,28.610070
0.66346925,53.934023,47.742274,28.604593
0.66446925,53.912099,47.725619,28.598582
0.66546925,53.888375,47.707976,28.592031
0.66646925,53.862845,47.689339,28.584930
0.66796925,53.821152,47.659502,28.573189
0.66896925,53.791089,47.638349,28.564583
0.66921925,53.783321,47.632917,28.562136
0.67021925,53.751112,47.610482,28.551126
0.67121925,53.716801,47.586606,28.540785
0.67203175,53.688153,47.565810,28.538683
0.67303175,53.652772,47.539413,28.535783
0.67403175,53.617246,47.512116,28.532645
0.67503175,53.581567,47.483919,28.529204
0.67603175,53.546543,47.454422,28.528457
0.67709425,53.510422,47.421830,28.528149
0.67809425,53.481922,47.393874,28.537513
0.67909425,53.458563,47.369672,28.551798
0.68009425,53.436396,47.346393,28.560294
0.68109425,53.417370,47.325581,28.570056
0.68209425,53.400956,47.306790,28.578860
0.68309425,53.387058,47.289939,28.586299
0.68409425,53.375682,47.275030,28.592362
0.68509425,53.366826,47.262063,28.597070
0.68609425,53.360451,47.251022,28.600442
0.68709425,53.356525,47.241900,28.602622
0.68809425,53.355006,47.234687,28.603715
0.68959425,53.357115,47.227390,28.603421
0.69059425,53.361394,47.224859,28.602074
0.69159425,53.367944,47.224191,28.599927
0.69259425,53.376749,47.225392,28.597157
0.69359425,53.387830,47.228500,28.594092
0.69459425,53.401116,47.233474,28.590679
0.69509425,53.408564,47.236646,28.588795
0.69609425,53.425008,47.244326,28.584617
0.69709425,53.443387,47.253717,28.579840
0.69809425,53.463235,47.264374,28.571847
0.69909425,53.485044,47.276648,28.561942
0.70009425,53.508179,47.290944,28.551600
0.70109425,53.532367,47.308235,28.545480
0.70221925,53.560618,47.330141,28.538425
0.70309425,53.582690,47.349395,28.534199
0.70409425,53.606925,47.373767,28.529804
0.70503175,53.629470,47.398101,28.524071
0.70603175,53.653112,47.424693,28.523342
0.70709425,53.677737,47.451534,28.526850
0.70809425,53.700534,47.475727,28.530196
0.70909425,53.722926,47.498863,28.533612
0.71009425,53.744878,47.520924,28.537102
0.71109425,53.765375,47.541463,28.542722
0.71203175,53.782159,47.559039,28.550261
0.71303175,53.797893,47.576389,28.557597
0.71415675,53.812878,47.594144,28.565000
0.71515675,53.824125,47.608577,28.569426
0.71640675,53.835942,47.625402,28.572850
0.71715675,53.841685,47.634787,28.574832
0.71815675,53.847804,47.646483,28.577110
0.71915675,53.852137,47.657218,28.578989
0.72015675,53.854653,47.666961,28.580477
0.72115675,53.855327,47.675686,28.581561
0.72215675,53.854137,47.683369,28.582219
0.72315675,53.851059,47.689985,28.582421
0.72415675,53.846071,47.695508,28.582136
0.72565675,53.834958,47.701685,28.580715
0.72665675,53.825096,47.704362,28.579053
0.72765675,53.813253,47.705864,28.576777
0.72865675,53.799411,47.706170,28.573850
0.72965675,53.783553,47.705258,28.570233
0.73065675,53.765662,47.703109,28.565888
0.73165675,53.745722,47.699704,28.560779
0.73265675,53.723717,47.695024,28.554866
0.73315675,53.712187,47.692235,28.551822
0.73415675,53.688509,47.685417,28.549965
0.73503175,53.667397,47.678509,28.549241
0.73603175,53.642944,47.669681,28.548141
0.73703175,53.618145,47.659891,28.546344
0.73803175,53.593122,47.649044,28.544624
0.73903175,53.569108,47.636822,28.545625
0.74015675,53.543154,47.621845,28.546313
0.74115675,53.520991,47.607458,28.546586
0.74215675,53.499649,47.592071,28.546590
0.74340675,53.475511,47.571319,28.547798
0.74415675,53.463200,47.558016,28.549814
0.74503175,53.450488,47.541875,28.551630
0.74603175,53.438123,47.522631,28.552963
0.74703175,53.428055,47.502546,28.553600
0.74803175,53.420264,47.481633,28.553617
0.74903175,53.414662,47.459933,28.552924
0.75003175,53.411276,47.437404,28.550722
0.75115675,53.411438,47.412483,28.550545
0.75203175,53.415074,47.395561,28.554004
0.75303175,53.421433,47.377924,28.556356
0.75403175,53.430233,47.362186,28.557308
0.75503175,53.441569,47.348422,28.557179
0.75628175,53.459309,47.333989,28.555460
0.75728175,53.476305,47.324621,28.552650
0.75828175,53.495523,47.317455,28.550221
0.75909425,53.512032,47.313536,28.550626
0.76009425,53.532759,47.310145,28.549619
0.76109425,53.554490,47.308575,28.546704
0.76209425,53.577528,47.309233,28.543429
0.76309425,53.600937,47.312571,28.541658
0.76409425,53.623507,47.318672,28.542038
0.76521925,53.648235,47.327987,28.541784
0.76621925,53.669574,47.338515,28.541194
0.76721925,53.690220,47.351185,28.540161
0.76821925,53.710405,47.365583,28.537137
0.76921925,53.730265,47.382028,28.534134
0.77021925,53.749788,47.400514,28.531097
0.77121925,53.768939,47.420874,28.527871
0.77221925,53.784279,47.439322,28.533053
0.77309425,53.795292,47.453888,28.538782
0.77409425,53.805783,47.469134,28.544038
0.77509425,53.813920,47.482804,28.548365
0.77609425,53.819721,47.494911,28.551710
0.77709425,53.823195,47.505465,28.554066
0.77809425,53.824349,47.514471,28.555433
0.77909425,53.823191,47.521938,28.555814
0.78009425,53.819729,47.527876,28.555219
0.78109425,53.813979,47.532298,28.553628
0.78209425,53.805793,47.535111,28.551679
0.78309425,53.795180,47.536328,28.549379
0.78421925,53.780506,47.535904,28.545833
0.78521925,53.765049,47.533954,28.541843
0.78621925,53.747573,47.530562,28.537638
0.78709425,53.731807,47.526431,28.537600
0.78809425,53.713779,47.520920,28.537465
0.78909425,53.695812,47.514598,28.537237
0.79009425,53.677931,47.507474,28.536975
0.79109425,53.659880,47.499590,28.534697
0.79221925,53.638647,47.489323,28.531218
0.79321925,53.618896,47.478856,28.528131
0.79421925,53.598367,47.467154,28.525013
0.79546925,53.573789,47.450406,28.525145
0.79609425,53.562193,47.441286,28.525877
0.79709425,53.544422,47.425851,28.526399
0.79809425,53.527637,47.409342,28.526539
0.79909425,53.514179,47.393518,28.529420
0.80034425,53.502919,47.377275,28.536228
0.80134425,53.496427,47.366263,28.540004
0.80234425,53.492140,47.357032,28.542395
0.80334425,53.489301,47.349708,28.544155
0.80409425,53.487806,47.345547,28.545464
0.80509425,53.486506,47.341688,28.546781
0.80609425,53.485934,47.339719,28.547459
0.80709425,53.486051,47.339628,28.547516
0.80809425,53.486814,47.341401,28.547006
0.80909425,53.488195,47.345015,28.545922
0.81009425,53.490511,47.350510,28.544359
0.81109425,53.493995,47.357896,28.542301
0.81209425,53.498375,47.367121,28.539678
0.81309425,53.503389,47.378172,28.536548
0.81409425,53.509007,47.391045,28.532851
0.81509425,53.515221,47.405736,28.528532
0.81609425,53.522401,47.420452,28.528355
0.81721925,53.531456,47.435731,28.530223
0.81821925,53.540198,47.448359,28.531319
0.81921925,53.549606,47.460063,28.532179
0.82046925,53.562487,47.473345,28.532236
0.82146925,53.574102,47.482672,28.531685
0.82246925,53.586951,47.490807,28.530637
0.82346925,53.601004,47.497753,28.529072
0.82403175,53.609112,47.501028,28.529329
0.82503175,53.623388,47.505921,28.530750
0.82603175,53.637369,47.509855,28.531744
0.82703175,53.651112,47.512846,28.532442
0.82803175,53.664675,47.514929,28.532791
0.82928175,53.681448,47.516215,28.533606
0.83003175,53.691420,47.516291,28.534261
0.83103175,53.704599,47.515597,28.535044
0.83203175,53.717630,47.513999,28.535610
0.83303175,53.730492,47.511485,28.535984
0.83403175,53.743169,47.508044,28.536197
0.83503175,53.754439,47.503215,28.536779
0.83609425,53.763766,47.496201,28.537768
0.83709425,53.770154,47.488002,28.537656
0.83821925,53.774551,47.476926,28.536493
0.83921925,53.775992,47.465451,28.534607
0.84046925,53.774628,47.449003,28.531198
0.84146925,53.772231,47.434423,28.528667
0.84203175,53.770667,47.425730,28.527531
0.84303175,53.767623,47.411256,28.528591
0.84403175,53.764356,47.398883,28.530626
0.84503175,53.760874,47.388409,28.532210
0.84603175,53.757155,47.379847,28.533337
0.84728175,53.752138,47.371842,28.534068
0.84828175,53.747805,47.367603,28.534079
0.84928175,53.743166,47.365285,28.533505
0.85028175,53.738174,47.365030,28.532970
0.85103175,53.734160,47.366331,28.533220
0.85203175,53.728474,47.369870,28.533519
0.85315675,53.721643,47.376054,28.532497
0.85415675,53.715135,47.383675,28.531113
0.85540675,53.706394,47.395998,28.528599
0.85640675,53.698892,47.408105,28.525953
0.85740675,53.690875,47.421447,28.523252
0.85815675,53.684396,47.430607,28.522994
0.85903175,53.676383,47.440426,28.523430
0.86003175,53.666679,47.450606,28.523648
0.86109425,53.655664,47.460037,28.525065
0.86209425,53.644787,47.467791,28.526306
0.86309425,53.633580,47.474557,28.527259
0.86421925,53.620339,47.480888,28.527738
0.86521925,53.607899,47.485309,28.527819
0.86621925,53.594823,47.488590,28.527587
0.86721925,53.581107,47.490726,28.527079
0.86821925,53.567897,47.491564,28.528004
0.86909425,53.557177,47.491266,28.529833
0.87009425,53.545814,47.489941,28.531427
0.87109425,53.535424,47.487548,28.532633
0.87209425,53.526014,47.484081,28.533503
0.87334425,53.515633,47.478233,28.534166
0.87434425,53.508434,47.472341,28.534374
0.87534425,53.502216,47.465371,28.534302
0.87634425,53.496977,47.457324,28.533957
0.87734425,53.492713,47.448201,28.533343
0.87834425,53.489421,47.438004,28.532467
0.87934425,53.487094,47.426735,28.531332
0.88034425,53.486847,47.416152,28.530184
0.88134425,53.489929,47.407570,28.531248
0.88209425,53.494255,47.402544,28.532041
0.88309425,53.502188,47.397436,28.531061
0.88403175,53.511754,47.394691,28.529831
0.88503175,53.523225,47.394079,28.529360
0.88615675,53.537286,47.395717,28.527587
0.88715675,53.550867,47.399376,28.525560
0.88815675,53.565439,47.405080,28.523006
0.88915675,53.580762,47.412894,28.520126
0.89015675,53.596448,47.421656,28.518876
0.89103175,53.609933,47.428692,28.520259
0.89209425,53.625808,47.436125,28.522635
0.89321925,53.642062,47.442751,28.524235
0.89421925,53.656016,47.447509,28.525477
0.89521925,53.669521,47.451209,28.526534
0.89646925,53.685790,47.454356,28.527604
0.89746925,53.698329,47.455698,28.528263
0.89846925,53.710458,47.456002,28.528747
0.89946925,53.722191,47.455274,28.529052
0.90046925,53.733545,47.453524,28.529171
0.90196925,53.749909,47.449006,28.528984
0.90296925,53.760408,47.444751,28.528602
0.90396925,53.769227,47.439070,28.528204
0.90496925,53.775852,47.431780,28.528122
0.90596925,53.780161,47.422882,28.528023
0.90621925,53.780894,47.420420,28.527906
0.90721925,53.783028,47.410604,28.527567
0.90803175,53.784745,47.404175,28.528639
0.90903175,53.786883,47.397842,28.529378
0.91003175,53.789035,47.393305,28.529711
0.91103175,53.791185,47.390569,28.529627
0.91203175,53.793312,47.389735,28.529601
0.91303175,53.795360,47.390822,28.529580
0.91403175,53.797067,47.393921,28.529358
0.91503175,53.797709,47.397934,28.529009
0.91609425,53.795834,47.400706,28.529101
0.91709425,53.791837,47.401893,28.528322
0.91809425,53.786113,47.402512,28.527256
0.91903175,53.780299,47.404537,28.526767
0.92003175,53.773891,47.408199,28.526068
0.92109425,53.766739,47.411508,28.526339
0.92209425,53.759682,47.413601,28.526445
0.92309425,53.752288,47.414692,28.526384
0.92409425,53.744538,47.414769,28.526165
0.92509425,53.736414,47.413824,28.525789
0.92609425,53.727894,47.411847,28.525249
0.92709425,53.718962,47.408830,28.524540
0.92809425,53.709599,47.405657,28.523846
0.92909425,53.699774,47.404088,28.523644
0.93021925,53.688186,47.404664,28.523053
0.93121925,53.677384,47.406694,28.522117
0.93221925,53.666046,47.408209,28.521547
0.93321925,53.654171,47.408664,28.520954
0.93421925,53.641751,47.408024,28.520103
0.93521925,53.628760,47.406747,28.519033
0.93621925,53.615140,47.406115,28.518079
0.93721925,53.601638,47.407002,28.517565
0.93809425,53.591094,47.410045,28.518644
0.93909425,53.580254,47.415481,28.518786
0.94003175,53.571315,47.420765,28.519973
0.94103175,53.562826,47.425338,28.521564
0.94203175,53.555316,47.428839,28.522826
0.94303175,53.548768,47.431271,28.523807
0.94403175,53.543164,47.432642,28.524529
0.94503175,53.538487,47.432960,28.525001
0.94603175,53.534720,47.432233,28.525228
0.94703175,53.531849,47.430469,28.525211
0.94803175,53.529862,47.427674,28.524947
0.94903175,53.528747,47.423853,28.524431
0.95003175,53.528691,47.420421,28.524174
0.95109425,53.529980,47.418838,28.524491
0.95209425,53.532332,47.419460,28.524022
0.95309425,53.535784,47.422145,28.522862
0.95409425,53.540311,47.425495,28.522064
0.95509425,53.545773,47.427948,28.521852
0.95609425,53.552088,47.429372,28.521840
0.95709425,53.559223,47.429788,28.521745
0.95809425,53.567154,47.429217,28.521389
0.95934425,53.578183,47.427116,28.520634
0.96034425,53.587788,47.424321,28.519801
0.96134425,53.597341,47.420439,28.519435
0.96209425,53.604288,47.416812,28.519414
0.96303175,53.612594,47.412503,28.520056
0.96403175,53.620957,47.409830,28.521097
0.96503175,53.628830,47.409188,28.521644
0.96603175,53.636191,47.410592,28.521724
0.96703175,53.643024,47.414045,28.521324
0.96803175,53.649365,47.418275,28.521354
0.96903175,53.655328,47.421666,28.521845
0.97015675,53.661658,47.424307,28.522101
0.97115675,53.666971,47.425619,28.522079
0.97215675,53.672018,47.425976,28.521731
0.97315675,53.676641,47.425821,28.521538
0.97403175,53.680213,47.426303,28.521900
0.97503175,53.683752,47.427895,28.522230
0.97603175,53.686713,47.430074,28.522496
0.97703175,53.689341,47.431545,28.522906
0.97828175,53.692222,47.432031,28.523218
0.97928175,53.694189,47.431315,28.523259
0.98028175,53.695839,47.429606,28.523150
0.98128175,53.697160,47.426895,28.522902
0.98228175,53.698135,47.423176,28.522513
0.98328175,53.698777,47.418790,28.522103
0.98428175,53.699195,47.415634,28.522165
0.98503175,53.699369,47.414308,28.522653
0.98603175,53.699445,47.414060,28.522732
0.98715675,53.699288,47.416003,28.522200
0.98815675,53.698783,47.418336,28.522128
0.98903175,53.697966,47.419624,28.522388
0.99003175,53.696606,47.420108,28.522478
0.99103175,53.694777,47.419525,28.522376
0.99203175,53.692466,47.417879,28.522068
0.99328175,53.688930,47.416200,28.521907
0.99403175,53.686490,47.416317,28.521861
0.99503175,53.682849,47.417546,28.521635
0.99603175,53.678707,47.418888,28.521444
0.99703175,53.674035,47.419727,28.521229
0.99803175,53.668826,47.420142,28.520952
0.99903175,53.663073,47.420466,28.520632
1.0000000,53.656980,47.420948,28.520276
